ISO-10303-21;
HEADER;

/* File generated by Shapr3D Version 26.82.0.10943 */

FILE_DESCRIPTION(('HOOPS Exchange Step'),'2;1');

FILE_NAME('/private/var/mobile/Containers/Data/Application/4BAA6A96-AB08-4434-80E5-6C712A65BC40/tmp/export/temp_export',
'2026-07-29T21:11:43+08:00',
('mobile'),
('Shapr3D Limited'),
'HOOPS Exchange 2026.3',
'Shapr3D',
'Authorized');

FILE_SCHEMA( ('AP242_MANAGED_MODEL_BASED_3D_ENGINEERING_MIM_LF {1 0 10303 442 1 1 4}') );

ENDSEC;

DATA;
#3=(NAMED_UNIT(*)PLANE_ANGLE_UNIT()SI_UNIT($,.RADIAN.));
#4=PLANE_ANGLE_MEASURE_WITH_UNIT(PLANE_ANGLE_MEASURE(0.0174532925),#3);
#5=(CONVERSION_BASED_UNIT('DEGREE',#4)NAMED_UNIT(#6)PLANE_ANGLE_UNIT());
#6=DIMENSIONAL_EXPONENTS(0.,0.,0.,0.,0.,0.,0.);
#7=(NAMED_UNIT(*)SI_UNIT($,.STERADIAN.)SOLID_ANGLE_UNIT());
#8=(LENGTH_UNIT()NAMED_UNIT(*)SI_UNIT(.MILLI.,.METRE.));
#9=UNCERTAINTY_MEASURE_WITH_UNIT(LENGTH_MEASURE(1.000000E-03),#8,'DISTANCE_ACCURACY_VALUE','Maximum Tolerance applied to model');
#10=(GEOMETRIC_REPRESENTATION_CONTEXT(3)GLOBAL_UNCERTAINTY_ASSIGNED_CONTEXT((#9))GLOBAL_UNIT_ASSIGNED_CONTEXT((#8,#5,#7))REPRESENTATION_CONTEXT('','root'));
#12=CARTESIAN_POINT('',(0.,0.,0.));
#13=DIRECTION('',(0.,0.,1.));
#14=DIRECTION('',(1.,0.,0.));
#15=AXIS2_PLACEMENT_3D('TS3D_PRODUCT_CSYS',#12,#13,#14);
#26=(NAMED_UNIT(*)PLANE_ANGLE_UNIT()SI_UNIT($,.RADIAN.));
#27=PLANE_ANGLE_MEASURE_WITH_UNIT(PLANE_ANGLE_MEASURE(0.0174532925),#26);
#28=(CONVERSION_BASED_UNIT('DEGREE',#27)NAMED_UNIT(#29)PLANE_ANGLE_UNIT());
#29=DIMENSIONAL_EXPONENTS(0.,0.,0.,0.,0.,0.,0.);
#30=(NAMED_UNIT(*)SI_UNIT($,.STERADIAN.)SOLID_ANGLE_UNIT());
#31=(LENGTH_UNIT()NAMED_UNIT(*)SI_UNIT(.MILLI.,.METRE.));
#32=UNCERTAINTY_MEASURE_WITH_UNIT(LENGTH_MEASURE(1.000000E-05),#31,'DISTANCE_ACCURACY_VALUE','Maximum Tolerance applied to model');
#33=(GEOMETRIC_REPRESENTATION_CONTEXT(3)GLOBAL_UNCERTAINTY_ASSIGNED_CONTEXT((#32))GLOBAL_UNIT_ASSIGNED_CONTEXT((#31,#28,#30))REPRESENTATION_CONTEXT('','\X2\591658F3\X0\'));
#45=CARTESIAN_POINT('',(0.,0.,0.));
#46=DIRECTION('',(0.,0.,1.));
#47=DIRECTION('',(1.,0.,-0.));
#48=AXIS2_PLACEMENT_3D('',#45,#46,#47);
#49=ITEM_DEFINED_TRANSFORMATION('','',#48,#15);
#50=(REPRESENTATION_RELATIONSHIP('','',#35,#16)REPRESENTATION_RELATIONSHIP_WITH_TRANSFORMATION(#49)SHAPE_REPRESENTATION_RELATIONSHIP());
#51=NEXT_ASSEMBLY_USAGE_OCCURRENCE('\X2\591658F3\X0\_1','\X2\591658F3\X0\','\X2\591658F3\X0\',#25,#44,$);
#52=PRODUCT_DEFINITION_SHAPE('','',#51);
#53=CONTEXT_DEPENDENT_SHAPE_REPRESENTATION(#50,#52);
#55=CARTESIAN_POINT('',(0.,-0.23,-3.7));
#56=DIRECTION('',(-0.,1.,0.));
#57=DIRECTION('',(-1.,-0.,0.));
#58=AXIS2_PLACEMENT_3D('',#55,#56,#57);
#59=PLANE('',#58);
#60=CARTESIAN_POINT('',(28.35,-0.23,0.3));
#61=VERTEX_POINT('',#60);
#62=CARTESIAN_POINT('',(13.5,-0.23,0.3));
#63=VERTEX_POINT('',#62);
#64=CARTESIAN_POINT('',(28.35,-0.23,0.3));
#65=DIRECTION('',(-1.,-0.,0.));
#66=VECTOR('',#65,14.85);
#67=LINE('',#64,#66);
#68=EDGE_CURVE('',#61,#63,#67,.T.);
#69=ORIENTED_EDGE('',*,*,#68,.F.);
#70=CARTESIAN_POINT('',(28.35,-0.23,-3.7));
#71=VERTEX_POINT('',#70);
#72=CARTESIAN_POINT('',(28.35,-0.23,-3.7));
#73=DIRECTION('',(0.,0.,1.));
#74=VECTOR('',#73,4.);
#75=LINE('',#72,#74);
#76=EDGE_CURVE('',#71,#61,#75,.T.);
#77=ORIENTED_EDGE('',*,*,#76,.F.);
#78=CARTESIAN_POINT('',(13.5,-0.23,-3.7));
#79=VERTEX_POINT('',#78);
#80=CARTESIAN_POINT('',(28.35,-0.23,-3.7));
#81=DIRECTION('',(-1.,-0.,0.));
#82=VECTOR('',#81,14.85);
#83=LINE('',#80,#82);
#84=EDGE_CURVE('',#71,#79,#83,.T.);
#85=ORIENTED_EDGE('',*,*,#84,.T.);
#86=CARTESIAN_POINT('',(13.5,-0.23,-3.7));
#87=DIRECTION('',(0.,0.,1.));
#88=VECTOR('',#87,4.);
#89=LINE('',#86,#88);
#90=EDGE_CURVE('',#79,#63,#89,.T.);
#91=ORIENTED_EDGE('',*,*,#90,.T.);
#92=EDGE_LOOP('',(#69,#77,#85,#91));
#93=FACE_BOUND('',#92,.T.);
#94=ADVANCED_FACE('',(#93),#59,.T.);
#95=CARTESIAN_POINT('',(0.,0.,0.3));
#96=DIRECTION('',(0.,0.,1.));
#97=DIRECTION('',(1.,0.,0.));
#98=AXIS2_PLACEMENT_3D('',#95,#96,#97);
#99=PLANE('',#98);
#100=CARTESIAN_POINT('',(28.35,9.5,0.3));
#101=VERTEX_POINT('',#100);
#102=CARTESIAN_POINT('',(28.6,9.5,0.3));
#103=VERTEX_POINT('',#102);
#104=CARTESIAN_POINT('',(28.35,9.5,0.3));
#105=DIRECTION('',(1.,0.,-0.));
#106=VECTOR('',#105,0.25);
#107=LINE('',#104,#106);
#108=EDGE_CURVE('',#101,#103,#107,.T.);
#109=ORIENTED_EDGE('',*,*,#108,.F.);
#110=CARTESIAN_POINT('',(28.35,-0.23,0.3));
#111=DIRECTION('',(-0.,1.,0.));
#112=VECTOR('',#111,9.73);
#113=LINE('',#110,#112);
#114=EDGE_CURVE('',#61,#101,#113,.T.);
#115=ORIENTED_EDGE('',*,*,#114,.F.);
#116=ORIENTED_EDGE('',*,*,#68,.T.);
#117=CARTESIAN_POINT('',(13.,-0.73,0.3));
#118=VERTEX_POINT('',#117);
#119=CARTESIAN_POINT('',(13.,-0.23,0.3));
#120=DIRECTION('',(-0.,-0.,-1.));
#121=DIRECTION('',(1.,0.,-0.));
#122=AXIS2_PLACEMENT_3D('',#119,#120,#121);
#123=CIRCLE('',#122,0.5);
#124=EDGE_CURVE('',#63,#118,#123,.T.);
#125=ORIENTED_EDGE('',*,*,#124,.T.);
#126=CARTESIAN_POINT('',(-13.,-0.73,0.3));
#127=VERTEX_POINT('',#126);
#128=CARTESIAN_POINT('',(13.,-0.73,0.3));
#129=DIRECTION('',(-1.,0.,0.));
#130=VECTOR('',#129,26.);
#131=LINE('',#128,#130);
#132=EDGE_CURVE('',#118,#127,#131,.T.);
#133=ORIENTED_EDGE('',*,*,#132,.T.);
#134=CARTESIAN_POINT('',(-13.5,-0.23,0.3));
#135=VERTEX_POINT('',#134);
#136=CARTESIAN_POINT('',(-13.,-0.23,0.3));
#137=DIRECTION('',(-0.,-0.,-1.));
#138=DIRECTION('',(1.,0.,-0.));
#139=AXIS2_PLACEMENT_3D('',#136,#137,#138);
#140=CIRCLE('',#139,0.5);
#141=EDGE_CURVE('',#127,#135,#140,.T.);
#142=ORIENTED_EDGE('',*,*,#141,.T.);
#143=CARTESIAN_POINT('',(-28.35,-0.23,0.3));
#144=VERTEX_POINT('',#143);
#145=CARTESIAN_POINT('',(-13.5,-0.23,0.3));
#146=DIRECTION('',(-1.,-0.,0.));
#147=VECTOR('',#146,14.85);
#148=LINE('',#145,#147);
#149=EDGE_CURVE('',#135,#144,#148,.T.);
#150=ORIENTED_EDGE('',*,*,#149,.T.);
#151=CARTESIAN_POINT('',(-28.35,86.77,0.3));
#152=VERTEX_POINT('',#151);
#153=CARTESIAN_POINT('',(-28.35,-0.23,0.3));
#154=DIRECTION('',(-0.,1.,0.));
#155=VECTOR('',#154,87.);
#156=LINE('',#153,#155);
#157=EDGE_CURVE('',#144,#152,#156,.T.);
#158=ORIENTED_EDGE('',*,*,#157,.T.);
#159=CARTESIAN_POINT('',(28.35,86.77,0.3));
#160=VERTEX_POINT('',#159);
#161=CARTESIAN_POINT('',(-28.35,86.77,0.3));
#162=DIRECTION('',(1.,0.,0.));
#163=VECTOR('',#162,56.7);
#164=LINE('',#161,#163);
#165=EDGE_CURVE('',#152,#160,#164,.T.);
#166=ORIENTED_EDGE('',*,*,#165,.T.);
#167=CARTESIAN_POINT('',(28.35,10.5,0.3));
#168=VERTEX_POINT('',#167);
#169=CARTESIAN_POINT('',(28.35,10.5,0.3));
#170=DIRECTION('',(-0.,1.,0.));
#171=VECTOR('',#170,76.27);
#172=LINE('',#169,#171);
#173=EDGE_CURVE('',#168,#160,#172,.T.);
#174=ORIENTED_EDGE('',*,*,#173,.F.);
#175=CARTESIAN_POINT('',(28.6,10.5,0.3));
#176=VERTEX_POINT('',#175);
#177=CARTESIAN_POINT('',(28.35,10.5,0.3));
#178=DIRECTION('',(1.,0.,-0.));
#179=VECTOR('',#178,0.25);
#180=LINE('',#177,#179);
#181=EDGE_CURVE('',#168,#176,#180,.T.);
#182=ORIENTED_EDGE('',*,*,#181,.T.);
#183=CARTESIAN_POINT('',(29.1,10.,0.3));
#184=VERTEX_POINT('',#183);
#185=CARTESIAN_POINT('',(28.6,10.,0.3));
#186=DIRECTION('',(0.,0.,1.));
#187=DIRECTION('',(1.,0.,-0.));
#188=AXIS2_PLACEMENT_3D('',#185,#186,#187);
#189=CIRCLE('',#188,0.5);
#190=EDGE_CURVE('',#184,#176,#189,.T.);
#191=ORIENTED_EDGE('',*,*,#190,.F.);
#192=CARTESIAN_POINT('',(28.6,10.,0.3));
#193=DIRECTION('',(0.,0.,1.));
#194=DIRECTION('',(1.,0.,-0.));
#195=AXIS2_PLACEMENT_3D('',#192,#193,#194);
#196=CIRCLE('',#195,0.5);
#197=EDGE_CURVE('',#103,#184,#196,.T.);
#198=ORIENTED_EDGE('',*,*,#197,.F.);
#199=EDGE_LOOP('',(#109,#115,#116,#125,#133,#142,#150,#158,#166,#174,#182,#191,#198));
#200=FACE_BOUND('',#199,.T.);
#201=CARTESIAN_POINT('',(27.85,-2.23,0.3));
#202=VERTEX_POINT('',#201);
#203=CARTESIAN_POINT('',(-27.85,-2.23,0.3));
#204=VERTEX_POINT('',#203);
#205=CARTESIAN_POINT('',(27.85,-2.23,0.3));
#206=DIRECTION('',(-1.,-0.,0.));
#207=VECTOR('',#206,55.7);
#208=LINE('',#205,#207);
#209=EDGE_CURVE('',#202,#204,#208,.T.);
#210=ORIENTED_EDGE('',*,*,#209,.F.);
#211=CARTESIAN_POINT('',(29.85,-0.23,0.3));
#212=VERTEX_POINT('',#211);
#213=CARTESIAN_POINT('',(27.85,-0.23,0.3));
#214=DIRECTION('',(0.,0.,1.));
#215=DIRECTION('',(1.,0.,-0.));
#216=AXIS2_PLACEMENT_3D('',#213,#214,#215);
#217=CIRCLE('',#216,2.);
#218=EDGE_CURVE('',#202,#212,#217,.T.);
#219=ORIENTED_EDGE('',*,*,#218,.T.);
#220=CARTESIAN_POINT('',(29.85,86.27,0.3));
#221=VERTEX_POINT('',#220);
#222=CARTESIAN_POINT('',(29.85,86.27,0.3));
#223=DIRECTION('',(0.,-1.,0.));
#224=VECTOR('',#223,86.5);
#225=LINE('',#222,#224);
#226=EDGE_CURVE('',#221,#212,#225,.T.);
#227=ORIENTED_EDGE('',*,*,#226,.F.);
#228=CARTESIAN_POINT('',(27.85,88.27,0.3));
#229=VERTEX_POINT('',#228);
#230=CARTESIAN_POINT('',(27.85,86.27,0.3));
#231=DIRECTION('',(0.,0.,1.));
#232=DIRECTION('',(1.,0.,-0.));
#233=AXIS2_PLACEMENT_3D('',#230,#231,#232);
#234=CIRCLE('',#233,2.);
#235=EDGE_CURVE('',#221,#229,#234,.T.);
#236=ORIENTED_EDGE('',*,*,#235,.T.);
#237=CARTESIAN_POINT('',(-27.85,88.27,0.3));
#238=VERTEX_POINT('',#237);
#239=CARTESIAN_POINT('',(27.85,88.27,0.3));
#240=DIRECTION('',(-1.,-0.,0.));
#241=VECTOR('',#240,55.7);
#242=LINE('',#239,#241);
#243=EDGE_CURVE('',#229,#238,#242,.T.);
#244=ORIENTED_EDGE('',*,*,#243,.T.);
#245=CARTESIAN_POINT('',(-29.85,86.27,0.3));
#246=VERTEX_POINT('',#245);
#247=CARTESIAN_POINT('',(-27.85,86.27,0.3));
#248=DIRECTION('',(0.,0.,1.));
#249=DIRECTION('',(1.,0.,-0.));
#250=AXIS2_PLACEMENT_3D('',#247,#248,#249);
#251=CIRCLE('',#250,2.);
#252=EDGE_CURVE('',#238,#246,#251,.T.);
#253=ORIENTED_EDGE('',*,*,#252,.T.);
#254=CARTESIAN_POINT('',(-29.85,-0.23,0.3));
#255=VERTEX_POINT('',#254);
#256=CARTESIAN_POINT('',(-29.85,-0.23,0.3));
#257=DIRECTION('',(0.,1.,0.));
#258=VECTOR('',#257,86.5);
#259=LINE('',#256,#258);
#260=EDGE_CURVE('',#255,#246,#259,.T.);
#261=ORIENTED_EDGE('',*,*,#260,.F.);
#262=CARTESIAN_POINT('',(-27.85,-0.23,0.3));
#263=DIRECTION('',(0.,0.,1.));
#264=DIRECTION('',(1.,0.,-0.));
#265=AXIS2_PLACEMENT_3D('',#262,#263,#264);
#266=CIRCLE('',#265,2.);
#267=EDGE_CURVE('',#255,#204,#266,.T.);
#268=ORIENTED_EDGE('',*,*,#267,.T.);
#269=EDGE_LOOP('',(#210,#219,#227,#236,#244,#253,#261,#268));
#270=FACE_BOUND('',#269,.T.);
#271=ADVANCED_FACE('',(#200,#270),#99,.T.);
#272=CARTESIAN_POINT('',(-29.85,43.27,-3.7));
#273=DIRECTION('',(1.,0.,0.));
#274=DIRECTION('',(0.,0.,-1.));
#275=AXIS2_PLACEMENT_3D('',#272,#273,#274);
#276=PLANE('',#275);
#277=CARTESIAN_POINT('',(-29.85,31.387345031,-3.250026102));
#278=VERTEX_POINT('',#277);
#279=CARTESIAN_POINT('',(-29.85,32.387345031,-2.250026102));
#280=VERTEX_POINT('',#279);
#281=CARTESIAN_POINT('',(-29.85,31.387345031,-2.250026102));
#282=DIRECTION('',(1.,0.,0.));
#283=DIRECTION('',(0.,0.,-1.));
#284=AXIS2_PLACEMENT_3D('',#281,#282,#283);
#285=CIRCLE('',#284,1.);
#286=EDGE_CURVE('',#278,#280,#285,.T.);
#287=ORIENTED_EDGE('',*,*,#286,.T.);
#288=CARTESIAN_POINT('',(-29.85,32.387345031,-2.));
#289=VERTEX_POINT('',#288);
#290=CARTESIAN_POINT('',(-29.85,32.387345031,-2.));
#291=DIRECTION('',(0.,0.,-1.));
#292=VECTOR('',#291,0.250026102);
#293=LINE('',#290,#292);
#294=EDGE_CURVE('',#289,#280,#293,.T.);
#295=ORIENTED_EDGE('',*,*,#294,.F.);
#296=CARTESIAN_POINT('',(-29.85,31.387345031,-1.));
#297=VERTEX_POINT('',#296);
#298=CARTESIAN_POINT('',(-29.85,31.387345031,-2.));
#299=DIRECTION('',(1.,0.,0.));
#300=DIRECTION('',(0.,0.,-1.));
#301=AXIS2_PLACEMENT_3D('',#298,#299,#300);
#302=CIRCLE('',#301,1.);
#303=EDGE_CURVE('',#289,#297,#302,.T.);
#304=ORIENTED_EDGE('',*,*,#303,.T.);
#305=CARTESIAN_POINT('',(-29.85,27.587319631,-1.));
#306=VERTEX_POINT('',#305);
#307=CARTESIAN_POINT('',(-29.85,27.587319631,-1.));
#308=DIRECTION('',(0.,1.,0.));
#309=VECTOR('',#308,3.8000254);
#310=LINE('',#307,#309);
#311=EDGE_CURVE('',#306,#297,#310,.T.);
#312=ORIENTED_EDGE('',*,*,#311,.F.);
#313=CARTESIAN_POINT('',(-29.85,26.587319631,-2.));
#314=VERTEX_POINT('',#313);
#315=CARTESIAN_POINT('',(-29.85,27.587319631,-2.));
#316=DIRECTION('',(1.,0.,0.));
#317=DIRECTION('',(0.,0.,-1.));
#318=AXIS2_PLACEMENT_3D('',#315,#316,#317);
#319=CIRCLE('',#318,1.);
#320=EDGE_CURVE('',#306,#314,#319,.T.);
#321=ORIENTED_EDGE('',*,*,#320,.T.);
#322=CARTESIAN_POINT('',(-29.85,26.587319631,-2.250026102));
#323=VERTEX_POINT('',#322);
#324=CARTESIAN_POINT('',(-29.85,26.587319631,-2.));
#325=DIRECTION('',(0.,0.,-1.));
#326=VECTOR('',#325,0.250026102);
#327=LINE('',#324,#326);
#328=EDGE_CURVE('',#314,#323,#327,.T.);
#329=ORIENTED_EDGE('',*,*,#328,.T.);
#330=CARTESIAN_POINT('',(-29.85,27.587319631,-3.250026102));
#331=VERTEX_POINT('',#330);
#332=CARTESIAN_POINT('',(-29.85,27.587319631,-2.250026102));
#333=DIRECTION('',(1.,0.,0.));
#334=DIRECTION('',(0.,0.,-1.));
#335=AXIS2_PLACEMENT_3D('',#332,#333,#334);
#336=CIRCLE('',#335,1.);
#337=EDGE_CURVE('',#323,#331,#336,.T.);
#338=ORIENTED_EDGE('',*,*,#337,.T.);
#339=CARTESIAN_POINT('',(-29.85,31.387345031,-3.250026102));
#340=DIRECTION('',(0.,-1.,0.));
#341=VECTOR('',#340,3.8000254);
#342=LINE('',#339,#341);
#343=EDGE_CURVE('',#278,#331,#342,.T.);
#344=ORIENTED_EDGE('',*,*,#343,.F.);
#345=EDGE_LOOP('',(#287,#295,#304,#312,#321,#329,#338,#344));
#346=FACE_BOUND('',#345,.T.);
#347=CARTESIAN_POINT('',(-29.85,23.337332331,-3.050025388));
#348=VERTEX_POINT('',#347);
#349=CARTESIAN_POINT('',(-29.85,23.337332331,-1.550025388));
#350=VERTEX_POINT('',#349);
#351=CARTESIAN_POINT('',(-29.85,23.337332331,-3.050025388));
#352=DIRECTION('',(0.,0.,1.));
#353=VECTOR('',#352,1.5);
#354=LINE('',#351,#353);
#355=EDGE_CURVE('',#348,#350,#354,.T.);
#356=ORIENTED_EDGE('',*,*,#355,.T.);
#357=CARTESIAN_POINT('',(-29.85,19.537332331,-1.550025388));
#358=VERTEX_POINT('',#357);
#359=CARTESIAN_POINT('',(-29.85,19.537332331,-1.550025388));
#360=DIRECTION('',(0.,1.,0.));
#361=VECTOR('',#360,3.8);
#362=LINE('',#359,#361);
#363=EDGE_CURVE('',#358,#350,#362,.T.);
#364=ORIENTED_EDGE('',*,*,#363,.F.);
#365=CARTESIAN_POINT('',(-29.85,19.537332331,-3.050025388));
#366=VERTEX_POINT('',#365);
#367=CARTESIAN_POINT('',(-29.85,19.537332331,-1.550025388));
#368=DIRECTION('',(0.,0.,-1.));
#369=VECTOR('',#368,1.5);
#370=LINE('',#367,#369);
#371=EDGE_CURVE('',#358,#366,#370,.T.);
#372=ORIENTED_EDGE('',*,*,#371,.T.);
#373=CARTESIAN_POINT('',(-29.85,23.337332331,-3.050025388));
#374=DIRECTION('',(0.,-1.,0.));
#375=VECTOR('',#374,3.8);
#376=LINE('',#373,#375);
#377=EDGE_CURVE('',#348,#366,#376,.T.);
#378=ORIENTED_EDGE('',*,*,#377,.F.);
#379=EDGE_LOOP('',(#356,#364,#372,#378));
#380=FACE_BOUND('',#379,.T.);
#381=CARTESIAN_POINT('',(-29.85,13.720110473,-3.9));
#382=VERTEX_POINT('',#381);
#383=CARTESIAN_POINT('',(-29.85,14.457319631,-2.760024602));
#384=VERTEX_POINT('',#383);
#385=CARTESIAN_POINT('',(-29.85,13.207319631,-2.760023881));
#386=DIRECTION('',(1.,0.,0.));
#387=DIRECTION('',(0.,0.,-1.));
#388=AXIS2_PLACEMENT_3D('',#385,#386,#387);
#389=CIRCLE('',#388,1.25);
#390=EDGE_CURVE('',#382,#384,#389,.T.);
#391=ORIENTED_EDGE('',*,*,#390,.T.);
#392=CARTESIAN_POINT('',(-29.85,14.457319631,-2.100023881));
#393=VERTEX_POINT('',#392);
#394=CARTESIAN_POINT('',(-29.85,14.457319631,-2.100023881));
#395=DIRECTION('',(0.,0.,-1.));
#396=VECTOR('',#395,0.660000721);
#397=LINE('',#394,#396);
#398=EDGE_CURVE('',#393,#384,#397,.T.);
#399=ORIENTED_EDGE('',*,*,#398,.F.);
#400=CARTESIAN_POINT('',(-29.85,13.20731902,-0.850023881));
#401=VERTEX_POINT('',#400);
#402=CARTESIAN_POINT('',(-29.85,13.207319631,-2.100023881));
#403=DIRECTION('',(1.,0.,0.));
#404=DIRECTION('',(0.,0.,-1.));
#405=AXIS2_PLACEMENT_3D('',#402,#403,#404);
#406=CIRCLE('',#405,1.25);
#407=EDGE_CURVE('',#393,#401,#406,.T.);
#408=ORIENTED_EDGE('',*,*,#407,.T.);
#409=CARTESIAN_POINT('',(-29.85,6.767320235,-0.850023881));
#410=VERTEX_POINT('',#409);
#411=CARTESIAN_POINT('',(-29.85,6.767320235,-0.850023881));
#412=DIRECTION('',(0.,1.,0.));
#413=VECTOR('',#412,6.439998785);
#414=LINE('',#411,#413);
#415=EDGE_CURVE('',#410,#401,#414,.T.);
#416=ORIENTED_EDGE('',*,*,#415,.F.);
#417=CARTESIAN_POINT('',(-29.85,5.517319631,-2.100024143));
#418=VERTEX_POINT('',#417);
#419=CARTESIAN_POINT('',(-29.85,6.767319631,-2.100023881));
#420=DIRECTION('',(1.,0.,0.));
#421=DIRECTION('',(0.,0.,-1.));
#422=AXIS2_PLACEMENT_3D('',#419,#420,#421);
#423=CIRCLE('',#422,1.25);
#424=EDGE_CURVE('',#410,#418,#423,.T.);
#425=ORIENTED_EDGE('',*,*,#424,.T.);
#426=CARTESIAN_POINT('',(-29.85,5.517319631,-2.760024188));
#427=VERTEX_POINT('',#426);
#428=CARTESIAN_POINT('',(-29.85,5.517319631,-2.760024188));
#429=DIRECTION('',(0.,0.,1.));
#430=VECTOR('',#429,0.660000045);
#431=LINE('',#428,#430);
#432=EDGE_CURVE('',#427,#418,#431,.T.);
#433=ORIENTED_EDGE('',*,*,#432,.F.);
#434=CARTESIAN_POINT('',(-29.85,6.254528789,-3.9));
#435=VERTEX_POINT('',#434);
#436=CARTESIAN_POINT('',(-29.85,6.767319631,-2.760023881));
#437=DIRECTION('',(1.,0.,0.));
#438=DIRECTION('',(0.,0.,-1.));
#439=AXIS2_PLACEMENT_3D('',#436,#437,#438);
#440=CIRCLE('',#439,1.25);
#441=EDGE_CURVE('',#427,#435,#440,.T.);
#442=ORIENTED_EDGE('',*,*,#441,.T.);
#443=CARTESIAN_POINT('',(-29.85,-0.23,-3.9));
#444=VERTEX_POINT('',#443);
#445=CARTESIAN_POINT('',(-29.85,6.254528789,-3.9));
#446=DIRECTION('',(-0.,-1.,-0.));
#447=VECTOR('',#446,6.484528789);
#448=LINE('',#445,#447);
#449=EDGE_CURVE('',#435,#444,#448,.T.);
#450=ORIENTED_EDGE('',*,*,#449,.T.);
#451=CARTESIAN_POINT('',(-29.85,-0.23,-3.9));
#452=DIRECTION('',(-0.,-0.,1.));
#453=VECTOR('',#452,4.2);
#454=LINE('',#451,#453);
#455=EDGE_CURVE('',#444,#255,#454,.T.);
#456=ORIENTED_EDGE('',*,*,#455,.T.);
#457=ORIENTED_EDGE('',*,*,#260,.T.);
#458=CARTESIAN_POINT('',(-29.85,86.27,-3.9));
#459=VERTEX_POINT('',#458);
#460=CARTESIAN_POINT('',(-29.85,86.27,0.3));
#461=DIRECTION('',(0.,0.,-1.));
#462=VECTOR('',#461,4.2);
#463=LINE('',#460,#462);
#464=EDGE_CURVE('',#246,#459,#463,.T.);
#465=ORIENTED_EDGE('',*,*,#464,.T.);
#466=CARTESIAN_POINT('',(-29.85,86.27,-3.9));
#467=DIRECTION('',(-0.,-1.,-0.));
#468=VECTOR('',#467,72.549889527);
#469=LINE('',#466,#468);
#470=EDGE_CURVE('',#459,#382,#469,.T.);
#471=ORIENTED_EDGE('',*,*,#470,.T.);
#472=EDGE_LOOP('',(#391,#399,#408,#416,#425,#433,#442,#450,#456,#457,#465,#471));
#473=FACE_BOUND('',#472,.T.);
#474=ADVANCED_FACE('',(#346,#380,#473),#276,.F.);
#475=CARTESIAN_POINT('',(29.35,43.27,-3.7));
#476=DIRECTION('',(-1.,-0.,0.));
#477=DIRECTION('',(0.,-1.,0.));
#478=AXIS2_PLACEMENT_3D('',#475,#476,#477);
#479=PLANE('',#478);
#480=CARTESIAN_POINT('',(29.35,21.187294231,-1.));
#481=VERTEX_POINT('',#480);
#482=CARTESIAN_POINT('',(29.35,21.187294231,-3.250026102));
#483=VERTEX_POINT('',#482);
#484=CARTESIAN_POINT('',(29.35,21.187294231,-1.));
#485=DIRECTION('',(0.,0.,-1.));
#486=VECTOR('',#485,2.250026102);
#487=LINE('',#484,#486);
#488=EDGE_CURVE('',#481,#483,#487,.T.);
#489=ORIENTED_EDGE('',*,*,#488,.T.);
#490=CARTESIAN_POINT('',(29.35,19.387294231,-3.250026102));
#491=VERTEX_POINT('',#490);
#492=CARTESIAN_POINT('',(29.35,21.187294231,-3.250026102));
#493=DIRECTION('',(0.,-1.,0.));
#494=VECTOR('',#493,1.8);
#495=LINE('',#492,#494);
#496=EDGE_CURVE('',#483,#491,#495,.T.);
#497=ORIENTED_EDGE('',*,*,#496,.T.);
#498=CARTESIAN_POINT('',(29.35,20.387294231,-2.250026102));
#499=VERTEX_POINT('',#498);
#500=CARTESIAN_POINT('',(29.35,19.387294231,-2.250026102));
#501=DIRECTION('',(-1.,-0.,0.));
#502=DIRECTION('',(0.,-1.,0.));
#503=AXIS2_PLACEMENT_3D('',#500,#501,#502);
#504=CIRCLE('',#503,1.);
#505=EDGE_CURVE('',#499,#491,#504,.T.);
#506=ORIENTED_EDGE('',*,*,#505,.F.);
#507=CARTESIAN_POINT('',(29.35,20.387294231,-2.));
#508=VERTEX_POINT('',#507);
#509=CARTESIAN_POINT('',(29.35,20.387294231,-2.));
#510=DIRECTION('',(0.,0.,-1.));
#511=VECTOR('',#510,0.250026102);
#512=LINE('',#509,#511);
#513=EDGE_CURVE('',#508,#499,#512,.T.);
#514=ORIENTED_EDGE('',*,*,#513,.F.);
#515=CARTESIAN_POINT('',(29.35,19.387294231,-1.));
#516=VERTEX_POINT('',#515);
#517=CARTESIAN_POINT('',(29.35,19.387294231,-2.));
#518=DIRECTION('',(-1.,-0.,0.));
#519=DIRECTION('',(0.,-1.,0.));
#520=AXIS2_PLACEMENT_3D('',#517,#518,#519);
#521=CIRCLE('',#520,1.);
#522=EDGE_CURVE('',#516,#508,#521,.T.);
#523=ORIENTED_EDGE('',*,*,#522,.F.);
#524=CARTESIAN_POINT('',(29.35,21.187294231,-1.));
#525=DIRECTION('',(0.,-1.,0.));
#526=VECTOR('',#525,1.8);
#527=LINE('',#524,#526);
#528=EDGE_CURVE('',#481,#516,#527,.T.);
#529=ORIENTED_EDGE('',*,*,#528,.F.);
#530=EDGE_LOOP('',(#489,#497,#506,#514,#523,#529));
#531=FACE_BOUND('',#530,.T.);
#532=ADVANCED_FACE('',(#531),#479,.T.);
#533=CARTESIAN_POINT('',(29.35,43.27,-3.7));
#534=DIRECTION('',(-1.,-0.,0.));
#535=DIRECTION('',(0.,-1.,0.));
#536=AXIS2_PLACEMENT_3D('',#533,#534,#535);
#537=PLANE('',#536);
#538=CARTESIAN_POINT('',(29.35,33.187294231,-1.));
#539=VERTEX_POINT('',#538);
#540=CARTESIAN_POINT('',(29.35,31.387294231,-1.));
#541=VERTEX_POINT('',#540);
#542=CARTESIAN_POINT('',(29.35,33.187294231,-1.));
#543=DIRECTION('',(0.,-1.,0.));
#544=VECTOR('',#543,1.8);
#545=LINE('',#542,#544);
#546=EDGE_CURVE('',#539,#541,#545,.T.);
#547=ORIENTED_EDGE('',*,*,#546,.F.);
#548=CARTESIAN_POINT('',(29.35,33.187294231,-3.250026102));
#549=VERTEX_POINT('',#548);
#550=CARTESIAN_POINT('',(29.35,33.187294231,-3.250026102));
#551=DIRECTION('',(0.,0.,1.));
#552=VECTOR('',#551,2.250026102);
#553=LINE('',#550,#552);
#554=EDGE_CURVE('',#549,#539,#553,.T.);
#555=ORIENTED_EDGE('',*,*,#554,.F.);
#556=CARTESIAN_POINT('',(29.35,31.387294231,-3.250026102));
#557=VERTEX_POINT('',#556);
#558=CARTESIAN_POINT('',(29.35,31.387294231,-3.250026102));
#559=DIRECTION('',(-0.,1.,0.));
#560=VECTOR('',#559,1.8);
#561=LINE('',#558,#560);
#562=EDGE_CURVE('',#557,#549,#561,.T.);
#563=ORIENTED_EDGE('',*,*,#562,.F.);
#564=CARTESIAN_POINT('',(29.35,32.387294231,-2.250026102));
#565=VERTEX_POINT('',#564);
#566=CARTESIAN_POINT('',(29.35,31.387294231,-2.250026102));
#567=DIRECTION('',(-1.,-0.,0.));
#568=DIRECTION('',(0.,-1.,0.));
#569=AXIS2_PLACEMENT_3D('',#566,#567,#568);
#570=CIRCLE('',#569,1.);
#571=EDGE_CURVE('',#565,#557,#570,.T.);
#572=ORIENTED_EDGE('',*,*,#571,.F.);
#573=CARTESIAN_POINT('',(29.35,32.387294231,-2.));
#574=VERTEX_POINT('',#573);
#575=CARTESIAN_POINT('',(29.35,32.387294231,-2.));
#576=DIRECTION('',(0.,0.,-1.));
#577=VECTOR('',#576,0.250026102);
#578=LINE('',#575,#577);
#579=EDGE_CURVE('',#574,#565,#578,.T.);
#580=ORIENTED_EDGE('',*,*,#579,.F.);
#581=CARTESIAN_POINT('',(29.35,31.387294231,-2.));
#582=DIRECTION('',(-1.,-0.,0.));
#583=DIRECTION('',(0.,-1.,0.));
#584=AXIS2_PLACEMENT_3D('',#581,#582,#583);
#585=CIRCLE('',#584,1.);
#586=EDGE_CURVE('',#541,#574,#585,.T.);
#587=ORIENTED_EDGE('',*,*,#586,.F.);
#588=EDGE_LOOP('',(#547,#555,#563,#572,#580,#587));
#589=FACE_BOUND('',#588,.T.);
#590=ADVANCED_FACE('',(#589),#537,.T.);
#591=CARTESIAN_POINT('',(-29.35,43.27,-3.7));
#592=DIRECTION('',(1.,0.,0.));
#593=DIRECTION('',(-0.,1.,0.));
#594=AXIS2_PLACEMENT_3D('',#591,#592,#593);
#595=PLANE('',#594);
#596=CARTESIAN_POINT('',(-29.35,25.787345031,-1.));
#597=VERTEX_POINT('',#596);
#598=CARTESIAN_POINT('',(-29.35,27.587319631,-1.));
#599=VERTEX_POINT('',#598);
#600=CARTESIAN_POINT('',(-29.35,25.787345031,-1.));
#601=DIRECTION('',(-0.,1.,0.));
#602=VECTOR('',#601,1.7999746);
#603=LINE('',#600,#602);
#604=EDGE_CURVE('',#597,#599,#603,.T.);
#605=ORIENTED_EDGE('',*,*,#604,.F.);
#606=CARTESIAN_POINT('',(-29.35,25.787345031,-3.250026102));
#607=VERTEX_POINT('',#606);
#608=CARTESIAN_POINT('',(-29.35,25.787345031,-3.250026102));
#609=DIRECTION('',(0.,0.,1.));
#610=VECTOR('',#609,2.250026102);
#611=LINE('',#608,#610);
#612=EDGE_CURVE('',#607,#597,#611,.T.);
#613=ORIENTED_EDGE('',*,*,#612,.F.);
#614=CARTESIAN_POINT('',(-29.35,27.587319631,-3.250026102));
#615=VERTEX_POINT('',#614);
#616=CARTESIAN_POINT('',(-29.35,25.787345031,-3.250026102));
#617=DIRECTION('',(-0.,1.,0.));
#618=VECTOR('',#617,1.7999746);
#619=LINE('',#616,#618);
#620=EDGE_CURVE('',#607,#615,#619,.T.);
#621=ORIENTED_EDGE('',*,*,#620,.T.);
#622=CARTESIAN_POINT('',(-29.35,26.587319631,-2.250026102));
#623=VERTEX_POINT('',#622);
#624=CARTESIAN_POINT('',(-29.35,27.587319631,-2.250026102));
#625=DIRECTION('',(-1.,-0.,-0.));
#626=DIRECTION('',(-0.,1.,0.));
#627=AXIS2_PLACEMENT_3D('',#624,#625,#626);
#628=CIRCLE('',#627,1.);
#629=EDGE_CURVE('',#615,#623,#628,.T.);
#630=ORIENTED_EDGE('',*,*,#629,.T.);
#631=CARTESIAN_POINT('',(-29.35,26.587319631,-2.));
#632=VERTEX_POINT('',#631);
#633=CARTESIAN_POINT('',(-29.35,26.587319631,-2.250026102));
#634=DIRECTION('',(0.,0.,1.));
#635=VECTOR('',#634,0.250026102);
#636=LINE('',#633,#635);
#637=EDGE_CURVE('',#623,#632,#636,.T.);
#638=ORIENTED_EDGE('',*,*,#637,.T.);
#639=CARTESIAN_POINT('',(-29.35,27.587319631,-2.));
#640=DIRECTION('',(-1.,-0.,-0.));
#641=DIRECTION('',(-0.,1.,0.));
#642=AXIS2_PLACEMENT_3D('',#639,#640,#641);
#643=CIRCLE('',#642,1.);
#644=EDGE_CURVE('',#632,#599,#643,.T.);
#645=ORIENTED_EDGE('',*,*,#644,.T.);
#646=EDGE_LOOP('',(#605,#613,#621,#630,#638,#645));
#647=FACE_BOUND('',#646,.T.);
#648=ADVANCED_FACE('',(#647),#595,.T.);
#649=CARTESIAN_POINT('',(0.,0.,-3.7));
#650=DIRECTION('',(0.,0.,-1.));
#651=DIRECTION('',(-1.,0.,0.));
#652=AXIS2_PLACEMENT_3D('',#649,#650,#651);
#653=PLANE('',#652);
#654=CARTESIAN_POINT('',(26.35,63.817802142,-3.7));
#655=VERTEX_POINT('',#654);
#656=CARTESIAN_POINT('',(-26.35,63.817802142,-3.7));
#657=VERTEX_POINT('',#656);
#658=CARTESIAN_POINT('',(0.,56.8723,-3.7));
#659=DIRECTION('',(0.,0.,1.));
#660=DIRECTION('',(1.,0.,-0.));
#661=AXIS2_PLACEMENT_3D('',#658,#659,#660);
#662=CIRCLE('',#661,27.25);
#663=EDGE_CURVE('',#655,#657,#662,.T.);
#664=ORIENTED_EDGE('',*,*,#663,.F.);
#665=CARTESIAN_POINT('',(26.35,84.77,-3.7));
#666=VERTEX_POINT('',#665);
#667=CARTESIAN_POINT('',(26.35,84.77,-3.7));
#668=DIRECTION('',(-0.,-1.,0.));
#669=VECTOR('',#668,20.952197858);
#670=LINE('',#667,#669);
#671=EDGE_CURVE('',#666,#655,#670,.T.);
#672=ORIENTED_EDGE('',*,*,#671,.F.);
#673=CARTESIAN_POINT('',(-26.35,84.77,-3.7));
#674=VERTEX_POINT('',#673);
#675=CARTESIAN_POINT('',(26.35,84.77,-3.7));
#676=DIRECTION('',(-1.,-0.,0.));
#677=VECTOR('',#676,52.7);
#678=LINE('',#675,#677);
#679=EDGE_CURVE('',#666,#674,#678,.T.);
#680=ORIENTED_EDGE('',*,*,#679,.T.);
#681=CARTESIAN_POINT('',(-26.35,63.817802142,-3.7));
#682=DIRECTION('',(0.,1.,0.));
#683=VECTOR('',#682,20.952197858);
#684=LINE('',#681,#683);
#685=EDGE_CURVE('',#657,#674,#684,.T.);
#686=ORIENTED_EDGE('',*,*,#685,.F.);
#687=EDGE_LOOP('',(#664,#672,#680,#686));
#688=FACE_BOUND('',#687,.T.);
#689=ADVANCED_FACE('',(#688),#653,.F.);
#690=CARTESIAN_POINT('',(0.,0.,-3.7));
#691=DIRECTION('',(0.,0.,-1.));
#692=DIRECTION('',(-1.,0.,0.));
#693=AXIS2_PLACEMENT_3D('',#690,#691,#692);
#694=PLANE('',#693);
#695=CARTESIAN_POINT('',(13.,-0.73,-3.7));
#696=VERTEX_POINT('',#695);
#697=CARTESIAN_POINT('',(-13.,-0.73,-3.7));
#698=VERTEX_POINT('',#697);
#699=CARTESIAN_POINT('',(13.,-0.73,-3.7));
#700=DIRECTION('',(-1.,0.,0.));
#701=VECTOR('',#700,26.);
#702=LINE('',#699,#701);
#703=EDGE_CURVE('',#696,#698,#702,.T.);
#704=ORIENTED_EDGE('',*,*,#703,.F.);
#705=CARTESIAN_POINT('',(13.,-0.23,-3.7));
#706=DIRECTION('',(-0.,-0.,1.));
#707=DIRECTION('',(-1.,0.,0.));
#708=AXIS2_PLACEMENT_3D('',#705,#706,#707);
#709=CIRCLE('',#708,0.5);
#710=EDGE_CURVE('',#696,#79,#709,.T.);
#711=ORIENTED_EDGE('',*,*,#710,.T.);
#712=ORIENTED_EDGE('',*,*,#84,.F.);
#713=CARTESIAN_POINT('',(28.35,35.9746,-3.7));
#714=VERTEX_POINT('',#713);
#715=CARTESIAN_POINT('',(28.35,-0.23,-3.7));
#716=DIRECTION('',(-0.,1.,0.));
#717=VECTOR('',#716,36.2046);
#718=LINE('',#715,#717);
#719=EDGE_CURVE('',#71,#714,#718,.T.);
#720=ORIENTED_EDGE('',*,*,#719,.T.);
#721=CARTESIAN_POINT('',(27.35,36.9746,-3.7));
#722=VERTEX_POINT('',#721);
#723=CARTESIAN_POINT('',(27.35,35.9746,-3.7));
#724=DIRECTION('',(-0.,-0.,1.));
#725=DIRECTION('',(-1.,0.,0.));
#726=AXIS2_PLACEMENT_3D('',#723,#724,#725);
#727=CIRCLE('',#726,1.);
#728=EDGE_CURVE('',#714,#722,#727,.T.);
#729=ORIENTED_EDGE('',*,*,#728,.T.);
#730=CARTESIAN_POINT('',(26.35,36.9746,-3.7));
#731=VERTEX_POINT('',#730);
#732=CARTESIAN_POINT('',(27.35,36.9746,-3.7));
#733=DIRECTION('',(-1.,0.,0.));
#734=VECTOR('',#733,1.);
#735=LINE('',#732,#734);
#736=EDGE_CURVE('',#722,#731,#735,.T.);
#737=ORIENTED_EDGE('',*,*,#736,.T.);
#738=CARTESIAN_POINT('',(26.35,49.926797858,-3.7));
#739=VERTEX_POINT('',#738);
#740=CARTESIAN_POINT('',(26.35,49.926797858,-3.7));
#741=DIRECTION('',(-0.,-1.,0.));
#742=VECTOR('',#741,12.952197858);
#743=LINE('',#740,#742);
#744=EDGE_CURVE('',#739,#731,#743,.T.);
#745=ORIENTED_EDGE('',*,*,#744,.F.);
#746=CARTESIAN_POINT('',(-26.35,49.926797858,-3.7));
#747=VERTEX_POINT('',#746);
#748=CARTESIAN_POINT('',(0.,56.8723,-3.7));
#749=DIRECTION('',(0.,0.,1.));
#750=DIRECTION('',(1.,0.,-0.));
#751=AXIS2_PLACEMENT_3D('',#748,#749,#750);
#752=CIRCLE('',#751,27.25);
#753=EDGE_CURVE('',#747,#739,#752,.T.);
#754=ORIENTED_EDGE('',*,*,#753,.F.);
#755=CARTESIAN_POINT('',(-26.35,36.9746,-3.7));
#756=VERTEX_POINT('',#755);
#757=CARTESIAN_POINT('',(-26.35,36.9746,-3.7));
#758=DIRECTION('',(0.,1.,0.));
#759=VECTOR('',#758,12.952197858);
#760=LINE('',#757,#759);
#761=EDGE_CURVE('',#756,#747,#760,.T.);
#762=ORIENTED_EDGE('',*,*,#761,.F.);
#763=CARTESIAN_POINT('',(-27.35,36.9746,-3.7));
#764=VERTEX_POINT('',#763);
#765=CARTESIAN_POINT('',(-27.35,36.9746,-3.7));
#766=DIRECTION('',(1.,0.,-0.));
#767=VECTOR('',#766,1.);
#768=LINE('',#765,#767);
#769=EDGE_CURVE('',#764,#756,#768,.T.);
#770=ORIENTED_EDGE('',*,*,#769,.F.);
#771=CARTESIAN_POINT('',(-28.35,35.9746,-3.7));
#772=VERTEX_POINT('',#771);
#773=CARTESIAN_POINT('',(-27.35,35.9746,-3.7));
#774=DIRECTION('',(-0.,-0.,1.));
#775=DIRECTION('',(-1.,0.,0.));
#776=AXIS2_PLACEMENT_3D('',#773,#774,#775);
#777=CIRCLE('',#776,1.);
#778=EDGE_CURVE('',#764,#772,#777,.T.);
#779=ORIENTED_EDGE('',*,*,#778,.T.);
#780=CARTESIAN_POINT('',(-28.35,14.600019657,-3.7));
#781=VERTEX_POINT('',#780);
#782=CARTESIAN_POINT('',(-28.35,14.600019657,-3.7));
#783=DIRECTION('',(-0.,1.,0.));
#784=VECTOR('',#783,21.374580343);
#785=LINE('',#782,#784);
#786=EDGE_CURVE('',#781,#772,#785,.T.);
#787=ORIENTED_EDGE('',*,*,#786,.F.);
#788=CARTESIAN_POINT('',(-21.231285108,14.587319631,-3.7));
#789=VERTEX_POINT('',#788);
#790=CARTESIAN_POINT('',(-21.231285108,14.587319631,-3.7));
#791=DIRECTION('',(-0.999998409,0.001784031,0.));
#792=VECTOR('',#791,7.11872622);
#793=LINE('',#790,#792);
#794=EDGE_CURVE('',#789,#781,#793,.T.);
#795=ORIENTED_EDGE('',*,*,#794,.F.);
#796=CARTESIAN_POINT('',(-21.243985134,14.600019657,-3.7));
#797=VERTEX_POINT('',#796);
#798=CARTESIAN_POINT('',(-21.231285108,14.587319631,-3.7));
#799=CARTESIAN_POINT('',(-21.231339082,14.588565158,-3.7));
#800=CARTESIAN_POINT('',(-21.231529136,14.589797283,-3.7));
#801=CARTESIAN_POINT('',(-21.231635824,14.590488946,-3.7));
#802=CARTESIAN_POINT('',(-21.23225184,14.59217972,-3.7));
#803=CARTESIAN_POINT('',(-21.232927592,14.594034449,-3.7));
#804=CARTESIAN_POINT('',(-21.23500486,14.596299905,-3.7));
#805=CARTESIAN_POINT('',(-21.236590461,14.598029153,-3.7));
#806=CARTESIAN_POINT('',(-21.239790581,14.599306973,-3.7));
#807=CARTESIAN_POINT('',(-21.241282045,14.599902521,-3.7));
#808=CARTESIAN_POINT('',(-21.243985134,14.600019657,-3.7));
#809=B_SPLINE_CURVE_WITH_KNOTS('',2,(#798,#799,#800,#801,#802,#803,#804,#805,#806,#807,#808),.UNSPECIFIED.,.F.,.F.,(3,2,2,2,2,3),(0.,0.125,0.25,0.5,0.785714286,1.),.UNSPECIFIED.);
#810=EDGE_CURVE('',#789,#797,#809,.T.);
#811=ORIENTED_EDGE('',*,*,#810,.T.);
#812=ORIENTED_EDGE('',*,*,#810,.F.);
#813=CARTESIAN_POINT('',(-21.231285108,5.387319631,-3.7));
#814=VERTEX_POINT('',#813);
#815=CARTESIAN_POINT('',(-21.231285108,5.387319631,-3.7));
#816=DIRECTION('',(0.,1.,0.));
#817=VECTOR('',#816,9.2);
#818=LINE('',#815,#817);
#819=EDGE_CURVE('',#814,#789,#818,.T.);
#820=ORIENTED_EDGE('',*,*,#819,.F.);
#821=CARTESIAN_POINT('',(-21.243985134,5.374619606,-3.7));
#822=VERTEX_POINT('',#821);
#823=CARTESIAN_POINT('',(-21.243985134,5.374619606,-3.7));
#824=CARTESIAN_POINT('',(-21.242739606,5.37467358,-3.7));
#825=CARTESIAN_POINT('',(-21.241507482,5.374863633,-3.7));
#826=CARTESIAN_POINT('',(-21.240815819,5.374970321,-3.7));
#827=CARTESIAN_POINT('',(-21.239125045,5.375586338,-3.7));
#828=CARTESIAN_POINT('',(-21.237270316,5.376262089,-3.7));
#829=CARTESIAN_POINT('',(-21.23500486,5.378339357,-3.7));
#830=CARTESIAN_POINT('',(-21.233275612,5.379924959,-3.7));
#831=CARTESIAN_POINT('',(-21.231997792,5.383125079,-3.7));
#832=CARTESIAN_POINT('',(-21.231402244,5.384616542,-3.7));
#833=CARTESIAN_POINT('',(-21.231285108,5.387319631,-3.7));
#834=B_SPLINE_CURVE_WITH_KNOTS('',2,(#823,#824,#825,#826,#827,#828,#829,#830,#831,#832,#833),.UNSPECIFIED.,.F.,.F.,(3,2,2,2,2,3),(0.,0.125,0.25,0.5,0.785714286,1.),.UNSPECIFIED.);
#835=EDGE_CURVE('',#822,#814,#834,.T.);
#836=ORIENTED_EDGE('',*,*,#835,.F.);
#837=CARTESIAN_POINT('',(-27.981272408,5.374619606,-3.7));
#838=VERTEX_POINT('',#837);
#839=CARTESIAN_POINT('',(-27.981272408,5.374619606,-3.7));
#840=DIRECTION('',(1.,-0.,-0.));
#841=VECTOR('',#840,6.737287275);
#842=LINE('',#839,#841);
#843=EDGE_CURVE('',#838,#822,#842,.T.);
#844=ORIENTED_EDGE('',*,*,#843,.F.);
#845=ORIENTED_EDGE('',*,*,#843,.T.);
#846=ORIENTED_EDGE('',*,*,#835,.T.);
#847=CARTESIAN_POINT('',(-28.35,5.374619606,-3.7));
#848=VERTEX_POINT('',#847);
#849=CARTESIAN_POINT('',(-28.35,5.374619606,-3.7));
#850=DIRECTION('',(0.999998409,0.001784031,0.));
#851=VECTOR('',#850,7.11872622);
#852=LINE('',#849,#851);
#853=EDGE_CURVE('',#848,#814,#852,.T.);
#854=ORIENTED_EDGE('',*,*,#853,.F.);
#855=CARTESIAN_POINT('',(-28.35,-0.23,-3.7));
#856=VERTEX_POINT('',#855);
#857=CARTESIAN_POINT('',(-28.35,-0.23,-3.7));
#858=DIRECTION('',(-0.,1.,0.));
#859=VECTOR('',#858,5.604619606);
#860=LINE('',#857,#859);
#861=EDGE_CURVE('',#856,#848,#860,.T.);
#862=ORIENTED_EDGE('',*,*,#861,.F.);
#863=CARTESIAN_POINT('',(-13.5,-0.23,-3.7));
#864=VERTEX_POINT('',#863);
#865=CARTESIAN_POINT('',(-13.5,-0.23,-3.7));
#866=DIRECTION('',(-1.,-0.,0.));
#867=VECTOR('',#866,14.85);
#868=LINE('',#865,#867);
#869=EDGE_CURVE('',#864,#856,#868,.T.);
#870=ORIENTED_EDGE('',*,*,#869,.F.);
#871=CARTESIAN_POINT('',(-13.,-0.23,-3.7));
#872=DIRECTION('',(-0.,-0.,1.));
#873=DIRECTION('',(-1.,0.,0.));
#874=AXIS2_PLACEMENT_3D('',#871,#872,#873);
#875=CIRCLE('',#874,0.5);
#876=EDGE_CURVE('',#864,#698,#875,.T.);
#877=ORIENTED_EDGE('',*,*,#876,.T.);
#878=EDGE_LOOP('',(#704,#711,#712,#720,#729,#737,#745,#754,#762,#770,#779,#787,#795,#811,#812,#820,#836,#844,#845,#846,#854,#862,#870,#877));
#879=FACE_BOUND('',#878,.T.);
#880=CARTESIAN_POINT('',(23.5,28.927493549,-3.7));
#881=VERTEX_POINT('',#880);
#882=CARTESIAN_POINT('',(23.499827113,29.827399566,-3.7));
#883=VERTEX_POINT('',#882);
#884=CARTESIAN_POINT('',(23.5,28.927493549,-3.7));
#885=DIRECTION('',(-0.000192116,0.999999982,0.));
#886=VECTOR('',#885,0.899906034);
#887=LINE('',#884,#886);
#888=EDGE_CURVE('',#881,#883,#887,.T.);
#889=ORIENTED_EDGE('',*,*,#888,.F.);
#890=CARTESIAN_POINT('',(23.5,15.777384486,-3.7));
#891=VERTEX_POINT('',#890);
#892=CARTESIAN_POINT('',(23.5,15.777384486,-3.7));
#893=DIRECTION('',(0.,1.,0.));
#894=VECTOR('',#893,13.150109063);
#895=LINE('',#892,#894);
#896=EDGE_CURVE('',#891,#881,#895,.T.);
#897=ORIENTED_EDGE('',*,*,#896,.F.);
#898=CARTESIAN_POINT('',(23.499892446,14.8774,-3.7));
#899=VERTEX_POINT('',#898);
#900=CARTESIAN_POINT('',(23.5,15.777384486,-3.7));
#901=DIRECTION('',(-0.000119506,-0.999999993,0.));
#902=VECTOR('',#901,0.899984492);
#903=LINE('',#900,#902);
#904=EDGE_CURVE('',#891,#899,#903,.T.);
#905=ORIENTED_EDGE('',*,*,#904,.T.);
#906=CARTESIAN_POINT('',(22.600033154,14.8774,-3.7));
#907=VERTEX_POINT('',#906);
#908=CARTESIAN_POINT('',(23.499892446,14.8774,-3.7));
#909=DIRECTION('',(-1.,0.,0.));
#910=VECTOR('',#909,0.899859292);
#911=LINE('',#908,#910);
#912=EDGE_CURVE('',#899,#907,#911,.T.);
#913=ORIENTED_EDGE('',*,*,#912,.T.);
#914=CARTESIAN_POINT('',(9.000033154,14.8774,-3.7));
#915=VERTEX_POINT('',#914);
#916=CARTESIAN_POINT('',(22.600033154,14.8774,-3.7));
#917=DIRECTION('',(-1.,0.,0.));
#918=VECTOR('',#917,13.6);
#919=LINE('',#916,#918);
#920=EDGE_CURVE('',#907,#915,#919,.T.);
#921=ORIENTED_EDGE('',*,*,#920,.T.);
#922=CARTESIAN_POINT('',(8.1,14.8774,-3.7));
#923=VERTEX_POINT('',#922);
#924=CARTESIAN_POINT('',(9.000033154,14.8774,-3.7));
#925=DIRECTION('',(-1.,0.,0.));
#926=VECTOR('',#925,0.900033154);
#927=LINE('',#924,#926);
#928=EDGE_CURVE('',#915,#923,#927,.T.);
#929=ORIENTED_EDGE('',*,*,#928,.T.);
#930=CARTESIAN_POINT('',(8.1,15.777426311,-3.7));
#931=VERTEX_POINT('',#930);
#932=CARTESIAN_POINT('',(8.1,15.777426311,-3.7));
#933=DIRECTION('',(0.,-1.,0.));
#934=VECTOR('',#933,0.900026311);
#935=LINE('',#932,#934);
#936=EDGE_CURVE('',#931,#923,#935,.T.);
#937=ORIENTED_EDGE('',*,*,#936,.F.);
#938=CARTESIAN_POINT('',(8.1,28.927383737,-3.7));
#939=VERTEX_POINT('',#938);
#940=CARTESIAN_POINT('',(8.1,28.927383737,-3.7));
#941=DIRECTION('',(0.,-1.,0.));
#942=VECTOR('',#941,13.149957426);
#943=LINE('',#940,#942);
#944=EDGE_CURVE('',#939,#931,#943,.T.);
#945=ORIENTED_EDGE('',*,*,#944,.F.);
#946=CARTESIAN_POINT('',(8.099890527,29.82739985,-3.7));
#947=VERTEX_POINT('',#946);
#948=CARTESIAN_POINT('',(8.099890527,29.82739985,-3.7));
#949=DIRECTION('',(0.000121634,-0.999999993,0.));
#950=VECTOR('',#949,0.90001612);
#951=LINE('',#948,#950);
#952=EDGE_CURVE('',#947,#939,#951,.T.);
#953=ORIENTED_EDGE('',*,*,#952,.F.);
#954=CARTESIAN_POINT('',(9.000033167,29.827399834,-3.7));
#955=VERTEX_POINT('',#954);
#956=CARTESIAN_POINT('',(9.000033167,29.827399834,-3.7));
#957=DIRECTION('',(-1.,0.000000018,0.));
#958=VECTOR('',#957,0.90014264);
#959=LINE('',#956,#958);
#960=EDGE_CURVE('',#955,#947,#959,.T.);
#961=ORIENTED_EDGE('',*,*,#960,.F.);
#962=CARTESIAN_POINT('',(22.600033167,29.827399583,-3.7));
#963=VERTEX_POINT('',#962);
#964=CARTESIAN_POINT('',(22.600033167,29.827399583,-3.7));
#965=DIRECTION('',(-1.,0.000000018,0.));
#966=VECTOR('',#965,13.6);
#967=LINE('',#964,#966);
#968=EDGE_CURVE('',#963,#955,#967,.T.);
#969=ORIENTED_EDGE('',*,*,#968,.F.);
#970=CARTESIAN_POINT('',(23.499827113,29.827399566,-3.7));
#971=DIRECTION('',(-1.,0.000000018,0.));
#972=VECTOR('',#971,0.899793946);
#973=LINE('',#970,#972);
#974=EDGE_CURVE('',#883,#963,#973,.T.);
#975=ORIENTED_EDGE('',*,*,#974,.F.);
#976=EDGE_LOOP('',(#889,#897,#905,#913,#921,#929,#937,#945,#953,#961,#969,#975));
#977=FACE_BOUND('',#976,.T.);
#978=CARTESIAN_POINT('',(-27.499992246,33.987319631,-3.7));
#979=VERTEX_POINT('',#978);
#980=CARTESIAN_POINT('',(-25.999992246,33.987319631,-3.7));
#981=DIRECTION('',(-0.,-0.,1.));
#982=DIRECTION('',(-1.,0.,0.));
#983=AXIS2_PLACEMENT_3D('',#980,#981,#982);
#984=CIRCLE('',#983,1.5);
#985=EDGE_CURVE('',#979,#979,#984,.T.);
#986=ORIENTED_EDGE('',*,*,#985,.F.);
#987=EDGE_LOOP('',(#986));
#988=FACE_BOUND('',#987,.T.);
#989=CARTESIAN_POINT('',(24.500007754,33.987319631,-3.7));
#990=VERTEX_POINT('',#989);
#991=CARTESIAN_POINT('',(26.000007754,33.987319631,-3.7));
#992=DIRECTION('',(-0.,-0.,1.));
#993=DIRECTION('',(-1.,0.,0.));
#994=AXIS2_PLACEMENT_3D('',#991,#992,#993);
#995=CIRCLE('',#994,1.5);
#996=EDGE_CURVE('',#990,#990,#995,.T.);
#997=ORIENTED_EDGE('',*,*,#996,.F.);
#998=EDGE_LOOP('',(#997));
#999=FACE_BOUND('',#998,.T.);
#1000=CARTESIAN_POINT('',(-27.499992246,1.987319631,-3.7));
#1001=VERTEX_POINT('',#1000);
#1002=CARTESIAN_POINT('',(-25.999992246,1.987319631,-3.7));
#1003=DIRECTION('',(-0.,-0.,1.));
#1004=DIRECTION('',(-1.,0.,0.));
#1005=AXIS2_PLACEMENT_3D('',#1002,#1003,#1004);
#1006=CIRCLE('',#1005,1.5);
#1007=EDGE_CURVE('',#1001,#1001,#1006,.T.);
#1008=ORIENTED_EDGE('',*,*,#1007,.F.);
#1009=EDGE_LOOP('',(#1008));
#1010=FACE_BOUND('',#1009,.T.);
#1011=CARTESIAN_POINT('',(24.500007754,1.987319631,-3.7));
#1012=VERTEX_POINT('',#1011);
#1013=CARTESIAN_POINT('',(26.000007754,1.987319631,-3.7));
#1014=DIRECTION('',(-0.,-0.,1.));
#1015=DIRECTION('',(-1.,0.,0.));
#1016=AXIS2_PLACEMENT_3D('',#1013,#1014,#1015);
#1017=CIRCLE('',#1016,1.5);
#1018=EDGE_CURVE('',#1012,#1012,#1017,.T.);
#1019=ORIENTED_EDGE('',*,*,#1018,.F.);
#1020=EDGE_LOOP('',(#1019));
#1021=FACE_BOUND('',#1020,.T.);
#1022=CARTESIAN_POINT('',(-27.98729222,4.388507279,-3.7));
#1023=VERTEX_POINT('',#1022);
#1024=CARTESIAN_POINT('',(-27.981272408,4.399308455,-3.7));
#1025=VERTEX_POINT('',#1024);
#1026=CARTESIAN_POINT('',(-27.98729222,4.388507279,-3.7));
#1027=CARTESIAN_POINT('',(-27.985956201,4.389415814,-3.7));
#1028=CARTESIAN_POINT('',(-27.984790474,4.390534502,-3.7));
#1029=CARTESIAN_POINT('',(-27.984017197,4.391276576,-3.7));
#1030=CARTESIAN_POINT('',(-27.982878978,4.393125747,-3.7));
#1031=CARTESIAN_POINT('',(-27.981438951,4.395465241,-3.7));
#1032=CARTESIAN_POINT('',(-27.981272408,4.399308455,-3.7));
#1033=B_SPLINE_CURVE_WITH_KNOTS('',2,(#1026,#1027,#1028,#1029,#1030,#1031,#1032),.UNSPECIFIED.,.F.,.F.,(3,2,2,3),(0.,0.25,0.5,1.),.UNSPECIFIED.);
#1034=EDGE_CURVE('',#1023,#1025,#1033,.T.);
#1035=ORIENTED_EDGE('',*,*,#1034,.F.);
#1036=ORIENTED_EDGE('',*,*,#1034,.T.);
#1037=EDGE_LOOP('',(#1035,#1036));
#1038=FACE_BOUND('',#1037,.T.);
#1039=CARTESIAN_POINT('',(-27.981272408,15.575330807,-3.7));
#1040=VERTEX_POINT('',#1039);
#1041=CARTESIAN_POINT('',(-27.98729222,15.586131983,-3.7));
#1042=VERTEX_POINT('',#1041);
#1043=CARTESIAN_POINT('',(-27.981272408,15.575330807,-3.7));
#1044=CARTESIAN_POINT('',(-27.981342356,15.57694496,-3.7));
#1045=CARTESIAN_POINT('',(-27.981680611,15.578524823,-3.7));
#1046=CARTESIAN_POINT('',(-27.98190499,15.579572815,-3.7));
#1047=CARTESIAN_POINT('',(-27.982878978,15.581513516,-3.7));
#1048=CARTESIAN_POINT('',(-27.984111227,15.583968811,-3.7));
#1049=CARTESIAN_POINT('',(-27.98729222,15.586131983,-3.7));
#1050=B_SPLINE_CURVE_WITH_KNOTS('',2,(#1043,#1044,#1045,#1046,#1047,#1048,#1049),.UNSPECIFIED.,.F.,.F.,(3,2,2,3),(0.,0.25,0.5,1.),.UNSPECIFIED.);
#1051=EDGE_CURVE('',#1040,#1042,#1050,.T.);
#1052=ORIENTED_EDGE('',*,*,#1051,.F.);
#1053=ORIENTED_EDGE('',*,*,#1051,.T.);
#1054=EDGE_LOOP('',(#1052,#1053));
#1055=FACE_BOUND('',#1054,.T.);
#1056=ADVANCED_FACE('',(#879,#977,#988,#999,#1010,#1021,#1038,#1055),#694,.F.);
#1057=CARTESIAN_POINT('',(26.35,85.77,-0.85));
#1058=DIRECTION('',(1.,-0.,0.));
#1059=DIRECTION('',(0.,1.,0.));
#1060=AXIS2_PLACEMENT_3D('',#1057,#1058,#1059);
#1061=PLANE('',#1060);
#1062=CARTESIAN_POINT('',(26.35,49.926797858,-0.85));
#1063=VERTEX_POINT('',#1062);
#1064=CARTESIAN_POINT('',(26.35,36.9746,-0.85));
#1065=VERTEX_POINT('',#1064);
#1066=CARTESIAN_POINT('',(26.35,49.926797858,-0.85));
#1067=DIRECTION('',(-0.,-1.,0.));
#1068=VECTOR('',#1067,12.952197858);
#1069=LINE('',#1066,#1068);
#1070=EDGE_CURVE('',#1063,#1065,#1069,.T.);
#1071=ORIENTED_EDGE('',*,*,#1070,.F.);
#1072=CARTESIAN_POINT('',(26.35,49.926797858,-3.7));
#1073=DIRECTION('',(0.,0.,1.));
#1074=VECTOR('',#1073,2.85);
#1075=LINE('',#1072,#1074);
#1076=EDGE_CURVE('',#739,#1063,#1075,.T.);
#1077=ORIENTED_EDGE('',*,*,#1076,.F.);
#1078=ORIENTED_EDGE('',*,*,#744,.T.);
#1079=CARTESIAN_POINT('',(26.35,36.9746,-0.85));
#1080=DIRECTION('',(0.,0.,-1.));
#1081=VECTOR('',#1080,2.85);
#1082=LINE('',#1079,#1081);
#1083=EDGE_CURVE('',#1065,#731,#1082,.T.);
#1084=ORIENTED_EDGE('',*,*,#1083,.F.);
#1085=EDGE_LOOP('',(#1071,#1077,#1078,#1084));
#1086=FACE_BOUND('',#1085,.T.);
#1087=ADVANCED_FACE('',(#1086),#1061,.F.);
#1088=CARTESIAN_POINT('',(-26.35,61.372309803,-0.85));
#1089=DIRECTION('',(-1.,0.,0.));
#1090=DIRECTION('',(0.,0.,1.));
#1091=AXIS2_PLACEMENT_3D('',#1088,#1089,#1090);
#1092=PLANE('',#1091);
#1093=CARTESIAN_POINT('',(-26.35,63.817802142,-0.85));
#1094=VERTEX_POINT('',#1093);
#1095=CARTESIAN_POINT('',(-26.35,63.817802142,-3.7));
#1096=DIRECTION('',(0.,0.,1.));
#1097=VECTOR('',#1096,2.85);
#1098=LINE('',#1095,#1097);
#1099=EDGE_CURVE('',#657,#1094,#1098,.T.);
#1100=ORIENTED_EDGE('',*,*,#1099,.F.);
#1101=ORIENTED_EDGE('',*,*,#685,.T.);
#1102=CARTESIAN_POINT('',(-26.35,84.77,-0.85));
#1103=VERTEX_POINT('',#1102);
#1104=CARTESIAN_POINT('',(-26.35,84.77,-0.85));
#1105=DIRECTION('',(0.,0.,-1.));
#1106=VECTOR('',#1105,2.85);
#1107=LINE('',#1104,#1106);
#1108=EDGE_CURVE('',#1103,#674,#1107,.T.);
#1109=ORIENTED_EDGE('',*,*,#1108,.F.);
#1110=CARTESIAN_POINT('',(-26.35,63.817802142,-0.85));
#1111=DIRECTION('',(0.,1.,0.));
#1112=VECTOR('',#1111,20.952197858);
#1113=LINE('',#1110,#1112);
#1114=EDGE_CURVE('',#1094,#1103,#1113,.T.);
#1115=ORIENTED_EDGE('',*,*,#1114,.F.);
#1116=EDGE_LOOP('',(#1100,#1101,#1109,#1115));
#1117=FACE_BOUND('',#1116,.T.);
#1118=ADVANCED_FACE('',(#1117),#1092,.F.);
#1119=CARTESIAN_POINT('',(28.35,43.27,-3.7));
#1120=DIRECTION('',(1.,0.,0.));
#1121=DIRECTION('',(-0.,1.,0.));
#1122=AXIS2_PLACEMENT_3D('',#1119,#1120,#1121);
#1123=PLANE('',#1122);
#1124=CARTESIAN_POINT('',(28.35,9.5,-2.7));
#1125=VERTEX_POINT('',#1124);
#1126=CARTESIAN_POINT('',(28.35,10.5,-2.7));
#1127=VERTEX_POINT('',#1126);
#1128=CARTESIAN_POINT('',(28.35,9.5,-2.7));
#1129=DIRECTION('',(0.,1.,0.));
#1130=VECTOR('',#1129,1.);
#1131=LINE('',#1128,#1130);
#1132=EDGE_CURVE('',#1125,#1127,#1131,.T.);
#1133=ORIENTED_EDGE('',*,*,#1132,.T.);
#1134=CARTESIAN_POINT('',(28.35,10.5,-2.7));
#1135=DIRECTION('',(0.,0.,1.));
#1136=VECTOR('',#1135,3.);
#1137=LINE('',#1134,#1136);
#1138=EDGE_CURVE('',#1127,#168,#1137,.T.);
#1139=ORIENTED_EDGE('',*,*,#1138,.T.);
#1140=ORIENTED_EDGE('',*,*,#173,.T.);
#1141=CARTESIAN_POINT('',(28.35,86.77,-0.85));
#1142=VERTEX_POINT('',#1141);
#1143=CARTESIAN_POINT('',(28.35,86.77,-0.85));
#1144=DIRECTION('',(0.,0.,1.));
#1145=VECTOR('',#1144,1.15);
#1146=LINE('',#1143,#1145);
#1147=EDGE_CURVE('',#1142,#160,#1146,.T.);
#1148=ORIENTED_EDGE('',*,*,#1147,.F.);
#1149=CARTESIAN_POINT('',(28.35,35.9746,-0.85));
#1150=VERTEX_POINT('',#1149);
#1151=CARTESIAN_POINT('',(28.35,35.9746,-0.85));
#1152=DIRECTION('',(-0.,1.,0.));
#1153=VECTOR('',#1152,50.7954);
#1154=LINE('',#1151,#1153);
#1155=EDGE_CURVE('',#1150,#1142,#1154,.T.);
#1156=ORIENTED_EDGE('',*,*,#1155,.F.);
#1157=CARTESIAN_POINT('',(28.35,35.9746,-0.85));
#1158=DIRECTION('',(0.,0.,-1.));
#1159=VECTOR('',#1158,2.85);
#1160=LINE('',#1157,#1159);
#1161=EDGE_CURVE('',#1150,#714,#1160,.T.);
#1162=ORIENTED_EDGE('',*,*,#1161,.T.);
#1163=ORIENTED_EDGE('',*,*,#719,.F.);
#1164=ORIENTED_EDGE('',*,*,#76,.T.);
#1165=ORIENTED_EDGE('',*,*,#114,.T.);
#1166=CARTESIAN_POINT('',(28.35,9.5,-2.7));
#1167=DIRECTION('',(0.,0.,1.));
#1168=VECTOR('',#1167,3.);
#1169=LINE('',#1166,#1168);
#1170=EDGE_CURVE('',#1125,#101,#1169,.T.);
#1171=ORIENTED_EDGE('',*,*,#1170,.F.);
#1172=EDGE_LOOP('',(#1133,#1139,#1140,#1148,#1156,#1162,#1163,#1164,#1165,#1171));
#1173=FACE_BOUND('',#1172,.T.);
#1174=CARTESIAN_POINT('',(28.35,33.187294231,-3.250026102));
#1175=VERTEX_POINT('',#1174);
#1176=CARTESIAN_POINT('',(28.35,33.187294231,-1.));
#1177=VERTEX_POINT('',#1176);
#1178=CARTESIAN_POINT('',(28.35,33.187294231,-3.250026102));
#1179=DIRECTION('',(0.,0.,1.));
#1180=VECTOR('',#1179,2.250026102);
#1181=LINE('',#1178,#1180);
#1182=EDGE_CURVE('',#1175,#1177,#1181,.T.);
#1183=ORIENTED_EDGE('',*,*,#1182,.T.);
#1184=CARTESIAN_POINT('',(28.35,25.787294231,-1.));
#1185=VERTEX_POINT('',#1184);
#1186=CARTESIAN_POINT('',(28.35,33.187294231,-1.));
#1187=DIRECTION('',(0.,-1.,0.));
#1188=VECTOR('',#1187,7.4);
#1189=LINE('',#1186,#1188);
#1190=EDGE_CURVE('',#1177,#1185,#1189,.T.);
#1191=ORIENTED_EDGE('',*,*,#1190,.T.);
#1192=CARTESIAN_POINT('',(28.35,25.787294231,-3.250026102));
#1193=VERTEX_POINT('',#1192);
#1194=CARTESIAN_POINT('',(28.35,25.787294231,-1.));
#1195=DIRECTION('',(0.,0.,-1.));
#1196=VECTOR('',#1195,2.250026102);
#1197=LINE('',#1194,#1196);
#1198=EDGE_CURVE('',#1185,#1193,#1197,.T.);
#1199=ORIENTED_EDGE('',*,*,#1198,.T.);
#1200=CARTESIAN_POINT('',(28.35,25.787294231,-3.250026102));
#1201=DIRECTION('',(-0.,1.,-0.));
#1202=VECTOR('',#1201,7.4);
#1203=LINE('',#1200,#1202);
#1204=EDGE_CURVE('',#1193,#1175,#1203,.T.);
#1205=ORIENTED_EDGE('',*,*,#1204,.T.);
#1206=EDGE_LOOP('',(#1183,#1191,#1199,#1205));
#1207=FACE_BOUND('',#1206,.T.);
#1208=CARTESIAN_POINT('',(28.35,13.787294231,-1.));
#1209=VERTEX_POINT('',#1208);
#1210=CARTESIAN_POINT('',(28.35,13.787294231,-3.250026102));
#1211=VERTEX_POINT('',#1210);
#1212=CARTESIAN_POINT('',(28.35,13.787294231,-1.));
#1213=DIRECTION('',(0.,0.,-1.));
#1214=VECTOR('',#1213,2.250026102);
#1215=LINE('',#1212,#1214);
#1216=EDGE_CURVE('',#1209,#1211,#1215,.T.);
#1217=ORIENTED_EDGE('',*,*,#1216,.T.);
#1218=CARTESIAN_POINT('',(28.35,21.187294231,-3.250026102));
#1219=VERTEX_POINT('',#1218);
#1220=CARTESIAN_POINT('',(28.35,21.187294231,-3.250026102));
#1221=DIRECTION('',(0.,-1.,0.));
#1222=VECTOR('',#1221,7.4);
#1223=LINE('',#1220,#1222);
#1224=EDGE_CURVE('',#1219,#1211,#1223,.T.);
#1225=ORIENTED_EDGE('',*,*,#1224,.F.);
#1226=CARTESIAN_POINT('',(28.35,21.187294231,-1.));
#1227=VERTEX_POINT('',#1226);
#1228=CARTESIAN_POINT('',(28.35,21.187294231,-1.));
#1229=DIRECTION('',(0.,0.,-1.));
#1230=VECTOR('',#1229,2.250026102);
#1231=LINE('',#1228,#1230);
#1232=EDGE_CURVE('',#1227,#1219,#1231,.T.);
#1233=ORIENTED_EDGE('',*,*,#1232,.F.);
#1234=CARTESIAN_POINT('',(28.35,21.187294231,-1.));
#1235=DIRECTION('',(0.,-1.,0.));
#1236=VECTOR('',#1235,7.4);
#1237=LINE('',#1234,#1236);
#1238=EDGE_CURVE('',#1227,#1209,#1237,.T.);
#1239=ORIENTED_EDGE('',*,*,#1238,.T.);
#1240=EDGE_LOOP('',(#1217,#1225,#1233,#1239));
#1241=FACE_BOUND('',#1240,.T.);
#1242=ADVANCED_FACE('',(#1173,#1207,#1241),#1123,.F.);
#1243=CARTESIAN_POINT('',(36.25,26.587294231,-2.550026102));
#1244=DIRECTION('',(-0.,1.,0.));
#1245=DIRECTION('',(-1.,-0.,0.));
#1246=AXIS2_PLACEMENT_3D('',#1243,#1244,#1245);
#1247=PLANE('',#1246);
#1248=CARTESIAN_POINT('',(29.85,26.587294231,-2.250026102));
#1249=VERTEX_POINT('',#1248);
#1250=CARTESIAN_POINT('',(29.35,26.587294231,-2.250026102));
#1251=VERTEX_POINT('',#1250);
#1252=CARTESIAN_POINT('',(29.85,26.587294231,-2.250026102));
#1253=DIRECTION('',(-1.,-0.,0.));
#1254=VECTOR('',#1253,0.5);
#1255=LINE('',#1252,#1254);
#1256=EDGE_CURVE('',#1249,#1251,#1255,.T.);
#1257=ORIENTED_EDGE('',*,*,#1256,.T.);
#1258=CARTESIAN_POINT('',(29.35,26.587294231,-2.));
#1259=VERTEX_POINT('',#1258);
#1260=CARTESIAN_POINT('',(29.35,26.587294231,-2.));
#1261=DIRECTION('',(0.,0.,-1.));
#1262=VECTOR('',#1261,0.250026102);
#1263=LINE('',#1260,#1262);
#1264=EDGE_CURVE('',#1259,#1251,#1263,.T.);
#1265=ORIENTED_EDGE('',*,*,#1264,.F.);
#1266=CARTESIAN_POINT('',(29.85,26.587294231,-2.));
#1267=VERTEX_POINT('',#1266);
#1268=CARTESIAN_POINT('',(29.85,26.587294231,-2.));
#1269=DIRECTION('',(-1.,-0.,-0.));
#1270=VECTOR('',#1269,0.5);
#1271=LINE('',#1268,#1270);
#1272=EDGE_CURVE('',#1267,#1259,#1271,.T.);
#1273=ORIENTED_EDGE('',*,*,#1272,.F.);
#1274=CARTESIAN_POINT('',(29.85,26.587294231,-2.));
#1275=DIRECTION('',(0.,0.,-1.));
#1276=VECTOR('',#1275,0.250026102);
#1277=LINE('',#1274,#1276);
#1278=EDGE_CURVE('',#1267,#1249,#1277,.T.);
#1279=ORIENTED_EDGE('',*,*,#1278,.T.);
#1280=EDGE_LOOP('',(#1257,#1265,#1273,#1279));
#1281=FACE_BOUND('',#1280,.T.);
#1282=ADVANCED_FACE('',(#1281),#1247,.T.);
#1283=CARTESIAN_POINT('',(36.25,27.587294231,-2.));
#1284=DIRECTION('',(1.,0.,0.));
#1285=DIRECTION('',(-0.,1.,0.));
#1286=AXIS2_PLACEMENT_3D('',#1283,#1284,#1285);
#1287=CYLINDRICAL_SURFACE('',#1286,1.);
#1288=CARTESIAN_POINT('',(29.35,27.587294231,-1.));
#1289=VERTEX_POINT('',#1288);
#1290=CARTESIAN_POINT('',(29.35,27.587294231,-2.));
#1291=DIRECTION('',(-1.,-0.,0.));
#1292=DIRECTION('',(0.,-1.,0.));
#1293=AXIS2_PLACEMENT_3D('',#1290,#1291,#1292);
#1294=CIRCLE('',#1293,1.);
#1295=EDGE_CURVE('',#1259,#1289,#1294,.T.);
#1296=ORIENTED_EDGE('',*,*,#1295,.T.);
#1297=CARTESIAN_POINT('',(29.85,27.587294231,-1.));
#1298=VERTEX_POINT('',#1297);
#1299=CARTESIAN_POINT('',(29.85,27.587294231,-1.));
#1300=DIRECTION('',(-1.,-0.,0.));
#1301=VECTOR('',#1300,0.5);
#1302=LINE('',#1299,#1301);
#1303=EDGE_CURVE('',#1298,#1289,#1302,.T.);
#1304=ORIENTED_EDGE('',*,*,#1303,.F.);
#1305=CARTESIAN_POINT('',(29.85,27.587294231,-2.));
#1306=DIRECTION('',(-1.,0.,0.));
#1307=DIRECTION('',(0.,0.,1.));
#1308=AXIS2_PLACEMENT_3D('',#1305,#1306,#1307);
#1309=CIRCLE('',#1308,1.);
#1310=EDGE_CURVE('',#1267,#1298,#1309,.T.);
#1311=ORIENTED_EDGE('',*,*,#1310,.F.);
#1312=ORIENTED_EDGE('',*,*,#1272,.T.);
#1313=EDGE_LOOP('',(#1296,#1304,#1311,#1312));
#1314=FACE_BOUND('',#1313,.T.);
#1315=ADVANCED_FACE('',(#1314),#1287,.F.);
#1316=CARTESIAN_POINT('',(36.25,29.487294231,-1.));
#1317=DIRECTION('',(0.,0.,-1.));
#1318=DIRECTION('',(-1.,0.,0.));
#1319=AXIS2_PLACEMENT_3D('',#1316,#1317,#1318);
#1320=PLANE('',#1319);
#1321=ORIENTED_EDGE('',*,*,#1303,.T.);
#1322=CARTESIAN_POINT('',(29.35,25.787294231,-1.));
#1323=VERTEX_POINT('',#1322);
#1324=CARTESIAN_POINT('',(29.35,27.587294231,-1.));
#1325=DIRECTION('',(0.,-1.,0.));
#1326=VECTOR('',#1325,1.8);
#1327=LINE('',#1324,#1326);
#1328=EDGE_CURVE('',#1289,#1323,#1327,.T.);
#1329=ORIENTED_EDGE('',*,*,#1328,.T.);
#1330=CARTESIAN_POINT('',(29.35,25.787294231,-1.));
#1331=DIRECTION('',(-1.,-0.,0.));
#1332=VECTOR('',#1331,1.);
#1333=LINE('',#1330,#1332);
#1334=EDGE_CURVE('',#1323,#1185,#1333,.T.);
#1335=ORIENTED_EDGE('',*,*,#1334,.T.);
#1336=ORIENTED_EDGE('',*,*,#1190,.F.);
#1337=CARTESIAN_POINT('',(29.35,33.187294231,-1.));
#1338=DIRECTION('',(-1.,-0.,0.));
#1339=VECTOR('',#1338,1.);
#1340=LINE('',#1337,#1339);
#1341=EDGE_CURVE('',#539,#1177,#1340,.T.);
#1342=ORIENTED_EDGE('',*,*,#1341,.F.);
#1343=ORIENTED_EDGE('',*,*,#546,.T.);
#1344=CARTESIAN_POINT('',(29.85,31.387294231,-1.));
#1345=VERTEX_POINT('',#1344);
#1346=CARTESIAN_POINT('',(29.85,31.387294231,-1.));
#1347=DIRECTION('',(-1.,-0.,-0.));
#1348=VECTOR('',#1347,0.5);
#1349=LINE('',#1346,#1348);
#1350=EDGE_CURVE('',#1345,#541,#1349,.T.);
#1351=ORIENTED_EDGE('',*,*,#1350,.F.);
#1352=CARTESIAN_POINT('',(29.85,31.387294231,-1.));
#1353=DIRECTION('',(0.,-1.,0.));
#1354=VECTOR('',#1353,3.8);
#1355=LINE('',#1352,#1354);
#1356=EDGE_CURVE('',#1345,#1298,#1355,.T.);
#1357=ORIENTED_EDGE('',*,*,#1356,.T.);
#1358=EDGE_LOOP('',(#1321,#1329,#1335,#1336,#1342,#1343,#1351,#1357));
#1359=FACE_BOUND('',#1358,.T.);
#1360=ADVANCED_FACE('',(#1359),#1320,.T.);
#1361=CARTESIAN_POINT('',(36.25,31.387294231,-2.));
#1362=DIRECTION('',(-1.,-0.,0.));
#1363=DIRECTION('',(0.,-1.,0.));
#1364=AXIS2_PLACEMENT_3D('',#1361,#1362,#1363);
#1365=CYLINDRICAL_SURFACE('',#1364,1.);
#1366=ORIENTED_EDGE('',*,*,#586,.T.);
#1367=CARTESIAN_POINT('',(29.85,32.387294231,-2.));
#1368=VERTEX_POINT('',#1367);
#1369=CARTESIAN_POINT('',(29.85,32.387294231,-2.));
#1370=DIRECTION('',(-1.,-0.,0.));
#1371=VECTOR('',#1370,0.5);
#1372=LINE('',#1369,#1371);
#1373=EDGE_CURVE('',#1368,#574,#1372,.T.);
#1374=ORIENTED_EDGE('',*,*,#1373,.F.);
#1375=CARTESIAN_POINT('',(29.85,31.387294231,-2.));
#1376=DIRECTION('',(-1.,0.,0.));
#1377=DIRECTION('',(0.,0.,1.));
#1378=AXIS2_PLACEMENT_3D('',#1375,#1376,#1377);
#1379=CIRCLE('',#1378,1.);
#1380=EDGE_CURVE('',#1345,#1368,#1379,.T.);
#1381=ORIENTED_EDGE('',*,*,#1380,.F.);
#1382=ORIENTED_EDGE('',*,*,#1350,.T.);
#1383=EDGE_LOOP('',(#1366,#1374,#1381,#1382));
#1384=FACE_BOUND('',#1383,.T.);
#1385=ADVANCED_FACE('',(#1384),#1365,.F.);
#1386=CARTESIAN_POINT('',(36.25,32.387294231,-2.550026102));
#1387=DIRECTION('',(-0.,1.,0.));
#1388=DIRECTION('',(-1.,-0.,0.));
#1389=AXIS2_PLACEMENT_3D('',#1386,#1387,#1388);
#1390=PLANE('',#1389);
#1391=ORIENTED_EDGE('',*,*,#579,.T.);
#1392=CARTESIAN_POINT('',(29.85,32.387294231,-2.250026102));
#1393=VERTEX_POINT('',#1392);
#1394=CARTESIAN_POINT('',(29.85,32.387294231,-2.250026102));
#1395=DIRECTION('',(-1.,-0.,-0.));
#1396=VECTOR('',#1395,0.5);
#1397=LINE('',#1394,#1396);
#1398=EDGE_CURVE('',#1393,#565,#1397,.T.);
#1399=ORIENTED_EDGE('',*,*,#1398,.F.);
#1400=CARTESIAN_POINT('',(29.85,32.387294231,-2.));
#1401=DIRECTION('',(0.,0.,-1.));
#1402=VECTOR('',#1401,0.250026102);
#1403=LINE('',#1400,#1402);
#1404=EDGE_CURVE('',#1368,#1393,#1403,.T.);
#1405=ORIENTED_EDGE('',*,*,#1404,.F.);
#1406=ORIENTED_EDGE('',*,*,#1373,.T.);
#1407=EDGE_LOOP('',(#1391,#1399,#1405,#1406));
#1408=FACE_BOUND('',#1407,.T.);
#1409=ADVANCED_FACE('',(#1408),#1390,.F.);
#1410=CARTESIAN_POINT('',(36.25,31.387294231,-2.250026102));
#1411=DIRECTION('',(-1.,-0.,0.));
#1412=DIRECTION('',(0.,-1.,0.));
#1413=AXIS2_PLACEMENT_3D('',#1410,#1411,#1412);
#1414=CYLINDRICAL_SURFACE('',#1413,1.);
#1415=ORIENTED_EDGE('',*,*,#571,.T.);
#1416=CARTESIAN_POINT('',(29.85,31.387294231,-3.250026102));
#1417=VERTEX_POINT('',#1416);
#1418=CARTESIAN_POINT('',(29.85,31.387294231,-3.250026102));
#1419=DIRECTION('',(-1.,-0.,0.));
#1420=VECTOR('',#1419,0.5);
#1421=LINE('',#1418,#1420);
#1422=EDGE_CURVE('',#1417,#557,#1421,.T.);
#1423=ORIENTED_EDGE('',*,*,#1422,.F.);
#1424=CARTESIAN_POINT('',(29.85,31.387294231,-2.250026102));
#1425=DIRECTION('',(-1.,0.,0.));
#1426=DIRECTION('',(0.,0.,1.));
#1427=AXIS2_PLACEMENT_3D('',#1424,#1425,#1426);
#1428=CIRCLE('',#1427,1.);
#1429=EDGE_CURVE('',#1393,#1417,#1428,.T.);
#1430=ORIENTED_EDGE('',*,*,#1429,.F.);
#1431=ORIENTED_EDGE('',*,*,#1398,.T.);
#1432=EDGE_LOOP('',(#1415,#1423,#1430,#1431));
#1433=FACE_BOUND('',#1432,.T.);
#1434=ADVANCED_FACE('',(#1433),#1414,.F.);
#1435=CARTESIAN_POINT('',(36.25,29.487294231,-3.250026102));
#1436=DIRECTION('',(0.,0.,1.));
#1437=DIRECTION('',(1.,0.,0.));
#1438=AXIS2_PLACEMENT_3D('',#1435,#1436,#1437);
#1439=PLANE('',#1438);
#1440=ORIENTED_EDGE('',*,*,#1422,.T.);
#1441=ORIENTED_EDGE('',*,*,#562,.T.);
#1442=CARTESIAN_POINT('',(29.35,33.187294231,-3.250026102));
#1443=DIRECTION('',(-1.,-0.,0.));
#1444=VECTOR('',#1443,1.);
#1445=LINE('',#1442,#1444);
#1446=EDGE_CURVE('',#549,#1175,#1445,.T.);
#1447=ORIENTED_EDGE('',*,*,#1446,.T.);
#1448=ORIENTED_EDGE('',*,*,#1204,.F.);
#1449=CARTESIAN_POINT('',(29.35,25.787294231,-3.250026102));
#1450=VERTEX_POINT('',#1449);
#1451=CARTESIAN_POINT('',(29.35,25.787294231,-3.250026102));
#1452=DIRECTION('',(-1.,-0.,0.));
#1453=VECTOR('',#1452,1.);
#1454=LINE('',#1451,#1453);
#1455=EDGE_CURVE('',#1450,#1193,#1454,.T.);
#1456=ORIENTED_EDGE('',*,*,#1455,.F.);
#1457=CARTESIAN_POINT('',(29.35,27.587294231,-3.250026102));
#1458=VERTEX_POINT('',#1457);
#1459=CARTESIAN_POINT('',(29.35,25.787294231,-3.250026102));
#1460=DIRECTION('',(-0.,1.,0.));
#1461=VECTOR('',#1460,1.8);
#1462=LINE('',#1459,#1461);
#1463=EDGE_CURVE('',#1450,#1458,#1462,.T.);
#1464=ORIENTED_EDGE('',*,*,#1463,.T.);
#1465=CARTESIAN_POINT('',(29.85,27.587294231,-3.250026102));
#1466=VERTEX_POINT('',#1465);
#1467=CARTESIAN_POINT('',(29.85,27.587294231,-3.250026102));
#1468=DIRECTION('',(-1.,-0.,-0.));
#1469=VECTOR('',#1468,0.5);
#1470=LINE('',#1467,#1469);
#1471=EDGE_CURVE('',#1466,#1458,#1470,.T.);
#1472=ORIENTED_EDGE('',*,*,#1471,.F.);
#1473=CARTESIAN_POINT('',(29.85,27.587294231,-3.250026102));
#1474=DIRECTION('',(0.,1.,0.));
#1475=VECTOR('',#1474,3.8);
#1476=LINE('',#1473,#1475);
#1477=EDGE_CURVE('',#1466,#1417,#1476,.T.);
#1478=ORIENTED_EDGE('',*,*,#1477,.T.);
#1479=EDGE_LOOP('',(#1440,#1441,#1447,#1448,#1456,#1464,#1472,#1478));
#1480=FACE_BOUND('',#1479,.T.);
#1481=ADVANCED_FACE('',(#1480),#1439,.T.);
#1482=CARTESIAN_POINT('',(36.25,27.587294231,-2.250026102));
#1483=DIRECTION('',(1.,0.,0.));
#1484=DIRECTION('',(-0.,1.,0.));
#1485=AXIS2_PLACEMENT_3D('',#1482,#1483,#1484);
#1486=CYLINDRICAL_SURFACE('',#1485,1.);
#1487=ORIENTED_EDGE('',*,*,#1256,.F.);
#1488=CARTESIAN_POINT('',(29.85,27.587294231,-2.250026102));
#1489=DIRECTION('',(-1.,0.,0.));
#1490=DIRECTION('',(0.,0.,1.));
#1491=AXIS2_PLACEMENT_3D('',#1488,#1489,#1490);
#1492=CIRCLE('',#1491,1.);
#1493=EDGE_CURVE('',#1466,#1249,#1492,.T.);
#1494=ORIENTED_EDGE('',*,*,#1493,.F.);
#1495=ORIENTED_EDGE('',*,*,#1471,.T.);
#1496=CARTESIAN_POINT('',(29.35,27.587294231,-2.250026102));
#1497=DIRECTION('',(-1.,-0.,0.));
#1498=DIRECTION('',(0.,-1.,0.));
#1499=AXIS2_PLACEMENT_3D('',#1496,#1497,#1498);
#1500=CIRCLE('',#1499,1.);
#1501=EDGE_CURVE('',#1458,#1251,#1500,.T.);
#1502=ORIENTED_EDGE('',*,*,#1501,.T.);
#1503=EDGE_LOOP('',(#1487,#1494,#1495,#1502));
#1504=FACE_BOUND('',#1503,.T.);
#1505=ADVANCED_FACE('',(#1504),#1486,.F.);
#1506=CARTESIAN_POINT('',(37.95,14.587294231,-2.550026102));
#1507=DIRECTION('',(-0.,1.,0.));
#1508=DIRECTION('',(-1.,-0.,0.));
#1509=AXIS2_PLACEMENT_3D('',#1506,#1507,#1508);
#1510=PLANE('',#1509);
#1511=CARTESIAN_POINT('',(29.85,14.587294231,-2.250026102));
#1512=VERTEX_POINT('',#1511);
#1513=CARTESIAN_POINT('',(29.35,14.587294231,-2.250026102));
#1514=VERTEX_POINT('',#1513);
#1515=CARTESIAN_POINT('',(29.85,14.587294231,-2.250026102));
#1516=DIRECTION('',(-1.,-0.,0.));
#1517=VECTOR('',#1516,0.5);
#1518=LINE('',#1515,#1517);
#1519=EDGE_CURVE('',#1512,#1514,#1518,.T.);
#1520=ORIENTED_EDGE('',*,*,#1519,.T.);
#1521=CARTESIAN_POINT('',(29.35,14.587294231,-2.));
#1522=VERTEX_POINT('',#1521);
#1523=CARTESIAN_POINT('',(29.35,14.587294231,-2.));
#1524=DIRECTION('',(0.,0.,-1.));
#1525=VECTOR('',#1524,0.250026102);
#1526=LINE('',#1523,#1525);
#1527=EDGE_CURVE('',#1522,#1514,#1526,.T.);
#1528=ORIENTED_EDGE('',*,*,#1527,.F.);
#1529=CARTESIAN_POINT('',(29.85,14.587294231,-2.));
#1530=VERTEX_POINT('',#1529);
#1531=CARTESIAN_POINT('',(29.85,14.587294231,-2.));
#1532=DIRECTION('',(-1.,-0.,-0.));
#1533=VECTOR('',#1532,0.5);
#1534=LINE('',#1531,#1533);
#1535=EDGE_CURVE('',#1530,#1522,#1534,.T.);
#1536=ORIENTED_EDGE('',*,*,#1535,.F.);
#1537=CARTESIAN_POINT('',(29.85,14.587294231,-2.));
#1538=DIRECTION('',(0.,0.,-1.));
#1539=VECTOR('',#1538,0.250026102);
#1540=LINE('',#1537,#1539);
#1541=EDGE_CURVE('',#1530,#1512,#1540,.T.);
#1542=ORIENTED_EDGE('',*,*,#1541,.T.);
#1543=EDGE_LOOP('',(#1520,#1528,#1536,#1542));
#1544=FACE_BOUND('',#1543,.T.);
#1545=ADVANCED_FACE('',(#1544),#1510,.T.);
#1546=CARTESIAN_POINT('',(37.95,15.587294231,-2.));
#1547=DIRECTION('',(1.,0.,0.));
#1548=DIRECTION('',(-0.,1.,0.));
#1549=AXIS2_PLACEMENT_3D('',#1546,#1547,#1548);
#1550=CYLINDRICAL_SURFACE('',#1549,1.);
#1551=CARTESIAN_POINT('',(29.35,15.587294231,-1.));
#1552=VERTEX_POINT('',#1551);
#1553=CARTESIAN_POINT('',(29.35,15.587294231,-2.));
#1554=DIRECTION('',(-1.,-0.,0.));
#1555=DIRECTION('',(0.,-1.,0.));
#1556=AXIS2_PLACEMENT_3D('',#1553,#1554,#1555);
#1557=CIRCLE('',#1556,1.);
#1558=EDGE_CURVE('',#1522,#1552,#1557,.T.);
#1559=ORIENTED_EDGE('',*,*,#1558,.T.);
#1560=CARTESIAN_POINT('',(29.85,15.587294231,-1.));
#1561=VERTEX_POINT('',#1560);
#1562=CARTESIAN_POINT('',(29.85,15.587294231,-1.));
#1563=DIRECTION('',(-1.,-0.,0.));
#1564=VECTOR('',#1563,0.5);
#1565=LINE('',#1562,#1564);
#1566=EDGE_CURVE('',#1561,#1552,#1565,.T.);
#1567=ORIENTED_EDGE('',*,*,#1566,.F.);
#1568=CARTESIAN_POINT('',(29.85,15.587294231,-2.));
#1569=DIRECTION('',(-1.,0.,0.));
#1570=DIRECTION('',(0.,0.,1.));
#1571=AXIS2_PLACEMENT_3D('',#1568,#1569,#1570);
#1572=CIRCLE('',#1571,1.);
#1573=EDGE_CURVE('',#1530,#1561,#1572,.T.);
#1574=ORIENTED_EDGE('',*,*,#1573,.F.);
#1575=ORIENTED_EDGE('',*,*,#1535,.T.);
#1576=EDGE_LOOP('',(#1559,#1567,#1574,#1575));
#1577=FACE_BOUND('',#1576,.T.);
#1578=ADVANCED_FACE('',(#1577),#1550,.F.);
#1579=CARTESIAN_POINT('',(37.95,17.487294231,-1.));
#1580=DIRECTION('',(0.,0.,-1.));
#1581=DIRECTION('',(-1.,0.,0.));
#1582=AXIS2_PLACEMENT_3D('',#1579,#1580,#1581);
#1583=PLANE('',#1582);
#1584=ORIENTED_EDGE('',*,*,#1566,.T.);
#1585=CARTESIAN_POINT('',(29.35,13.787294231,-1.));
#1586=VERTEX_POINT('',#1585);
#1587=CARTESIAN_POINT('',(29.35,15.587294231,-1.));
#1588=DIRECTION('',(0.,-1.,0.));
#1589=VECTOR('',#1588,1.8);
#1590=LINE('',#1587,#1589);
#1591=EDGE_CURVE('',#1552,#1586,#1590,.T.);
#1592=ORIENTED_EDGE('',*,*,#1591,.T.);
#1593=CARTESIAN_POINT('',(29.35,13.787294231,-1.));
#1594=DIRECTION('',(-1.,-0.,0.));
#1595=VECTOR('',#1594,1.);
#1596=LINE('',#1593,#1595);
#1597=EDGE_CURVE('',#1586,#1209,#1596,.T.);
#1598=ORIENTED_EDGE('',*,*,#1597,.T.);
#1599=ORIENTED_EDGE('',*,*,#1238,.F.);
#1600=CARTESIAN_POINT('',(29.35,21.187294231,-1.));
#1601=DIRECTION('',(-1.,-0.,0.));
#1602=VECTOR('',#1601,1.);
#1603=LINE('',#1600,#1602);
#1604=EDGE_CURVE('',#481,#1227,#1603,.T.);
#1605=ORIENTED_EDGE('',*,*,#1604,.F.);
#1606=ORIENTED_EDGE('',*,*,#528,.T.);
#1607=CARTESIAN_POINT('',(29.85,19.387294231,-1.));
#1608=VERTEX_POINT('',#1607);
#1609=CARTESIAN_POINT('',(29.85,19.387294231,-1.));
#1610=DIRECTION('',(-1.,-0.,-0.));
#1611=VECTOR('',#1610,0.5);
#1612=LINE('',#1609,#1611);
#1613=EDGE_CURVE('',#1608,#516,#1612,.T.);
#1614=ORIENTED_EDGE('',*,*,#1613,.F.);
#1615=CARTESIAN_POINT('',(29.85,19.387294231,-1.));
#1616=DIRECTION('',(0.,-1.,0.));
#1617=VECTOR('',#1616,3.8);
#1618=LINE('',#1615,#1617);
#1619=EDGE_CURVE('',#1608,#1561,#1618,.T.);
#1620=ORIENTED_EDGE('',*,*,#1619,.T.);
#1621=EDGE_LOOP('',(#1584,#1592,#1598,#1599,#1605,#1606,#1614,#1620));
#1622=FACE_BOUND('',#1621,.T.);
#1623=ADVANCED_FACE('',(#1622),#1583,.T.);
#1624=CARTESIAN_POINT('',(37.95,19.387294231,-2.));
#1625=DIRECTION('',(-1.,-0.,0.));
#1626=DIRECTION('',(0.,-1.,0.));
#1627=AXIS2_PLACEMENT_3D('',#1624,#1625,#1626);
#1628=CYLINDRICAL_SURFACE('',#1627,1.);
#1629=ORIENTED_EDGE('',*,*,#522,.T.);
#1630=CARTESIAN_POINT('',(29.85,20.387294231,-2.));
#1631=VERTEX_POINT('',#1630);
#1632=CARTESIAN_POINT('',(29.85,20.387294231,-2.));
#1633=DIRECTION('',(-1.,-0.,0.));
#1634=VECTOR('',#1633,0.5);
#1635=LINE('',#1632,#1634);
#1636=EDGE_CURVE('',#1631,#508,#1635,.T.);
#1637=ORIENTED_EDGE('',*,*,#1636,.F.);
#1638=CARTESIAN_POINT('',(29.85,19.387294231,-2.));
#1639=DIRECTION('',(-1.,0.,0.));
#1640=DIRECTION('',(0.,0.,1.));
#1641=AXIS2_PLACEMENT_3D('',#1638,#1639,#1640);
#1642=CIRCLE('',#1641,1.);
#1643=EDGE_CURVE('',#1608,#1631,#1642,.T.);
#1644=ORIENTED_EDGE('',*,*,#1643,.F.);
#1645=ORIENTED_EDGE('',*,*,#1613,.T.);
#1646=EDGE_LOOP('',(#1629,#1637,#1644,#1645));
#1647=FACE_BOUND('',#1646,.T.);
#1648=ADVANCED_FACE('',(#1647),#1628,.F.);
#1649=CARTESIAN_POINT('',(37.95,20.387294231,-2.550026102));
#1650=DIRECTION('',(-0.,1.,0.));
#1651=DIRECTION('',(-1.,-0.,0.));
#1652=AXIS2_PLACEMENT_3D('',#1649,#1650,#1651);
#1653=PLANE('',#1652);
#1654=ORIENTED_EDGE('',*,*,#513,.T.);
#1655=CARTESIAN_POINT('',(29.85,20.387294231,-2.250026102));
#1656=VERTEX_POINT('',#1655);
#1657=CARTESIAN_POINT('',(29.85,20.387294231,-2.250026102));
#1658=DIRECTION('',(-1.,-0.,-0.));
#1659=VECTOR('',#1658,0.5);
#1660=LINE('',#1657,#1659);
#1661=EDGE_CURVE('',#1656,#499,#1660,.T.);
#1662=ORIENTED_EDGE('',*,*,#1661,.F.);
#1663=CARTESIAN_POINT('',(29.85,20.387294231,-2.));
#1664=DIRECTION('',(0.,0.,-1.));
#1665=VECTOR('',#1664,0.250026102);
#1666=LINE('',#1663,#1665);
#1667=EDGE_CURVE('',#1631,#1656,#1666,.T.);
#1668=ORIENTED_EDGE('',*,*,#1667,.F.);
#1669=ORIENTED_EDGE('',*,*,#1636,.T.);
#1670=EDGE_LOOP('',(#1654,#1662,#1668,#1669));
#1671=FACE_BOUND('',#1670,.T.);
#1672=ADVANCED_FACE('',(#1671),#1653,.F.);
#1673=CARTESIAN_POINT('',(37.95,19.387294231,-2.250026102));
#1674=DIRECTION('',(-1.,-0.,0.));
#1675=DIRECTION('',(0.,-1.,0.));
#1676=AXIS2_PLACEMENT_3D('',#1673,#1674,#1675);
#1677=CYLINDRICAL_SURFACE('',#1676,1.);
#1678=ORIENTED_EDGE('',*,*,#505,.T.);
#1679=CARTESIAN_POINT('',(29.85,19.387294231,-3.250026102));
#1680=VERTEX_POINT('',#1679);
#1681=CARTESIAN_POINT('',(29.85,19.387294231,-3.250026102));
#1682=DIRECTION('',(-1.,-0.,0.));
#1683=VECTOR('',#1682,0.5);
#1684=LINE('',#1681,#1683);
#1685=EDGE_CURVE('',#1680,#491,#1684,.T.);
#1686=ORIENTED_EDGE('',*,*,#1685,.F.);
#1687=CARTESIAN_POINT('',(29.85,19.387294231,-2.250026102));
#1688=DIRECTION('',(-1.,0.,0.));
#1689=DIRECTION('',(0.,0.,1.));
#1690=AXIS2_PLACEMENT_3D('',#1687,#1688,#1689);
#1691=CIRCLE('',#1690,1.);
#1692=EDGE_CURVE('',#1656,#1680,#1691,.T.);
#1693=ORIENTED_EDGE('',*,*,#1692,.F.);
#1694=ORIENTED_EDGE('',*,*,#1661,.T.);
#1695=EDGE_LOOP('',(#1678,#1686,#1693,#1694));
#1696=FACE_BOUND('',#1695,.T.);
#1697=ADVANCED_FACE('',(#1696),#1677,.F.);
#1698=CARTESIAN_POINT('',(37.95,17.487294231,-3.250026102));
#1699=DIRECTION('',(0.,0.,1.));
#1700=DIRECTION('',(1.,0.,0.));
#1701=AXIS2_PLACEMENT_3D('',#1698,#1699,#1700);
#1702=PLANE('',#1701);
#1703=ORIENTED_EDGE('',*,*,#1685,.T.);
#1704=ORIENTED_EDGE('',*,*,#496,.F.);
#1705=CARTESIAN_POINT('',(29.35,21.187294231,-3.250026102));
#1706=DIRECTION('',(-1.,-0.,0.));
#1707=VECTOR('',#1706,1.);
#1708=LINE('',#1705,#1707);
#1709=EDGE_CURVE('',#483,#1219,#1708,.T.);
#1710=ORIENTED_EDGE('',*,*,#1709,.T.);
#1711=ORIENTED_EDGE('',*,*,#1224,.T.);
#1712=CARTESIAN_POINT('',(29.35,13.787294231,-3.250026102));
#1713=VERTEX_POINT('',#1712);
#1714=CARTESIAN_POINT('',(29.35,13.787294231,-3.250026102));
#1715=DIRECTION('',(-1.,-0.,0.));
#1716=VECTOR('',#1715,1.);
#1717=LINE('',#1714,#1716);
#1718=EDGE_CURVE('',#1713,#1211,#1717,.T.);
#1719=ORIENTED_EDGE('',*,*,#1718,.F.);
#1720=CARTESIAN_POINT('',(29.35,15.587294231,-3.250026102));
#1721=VERTEX_POINT('',#1720);
#1722=CARTESIAN_POINT('',(29.35,15.587294231,-3.250026102));
#1723=DIRECTION('',(0.,-1.,0.));
#1724=VECTOR('',#1723,1.8);
#1725=LINE('',#1722,#1724);
#1726=EDGE_CURVE('',#1721,#1713,#1725,.T.);
#1727=ORIENTED_EDGE('',*,*,#1726,.F.);
#1728=CARTESIAN_POINT('',(29.85,15.587294231,-3.250026102));
#1729=VERTEX_POINT('',#1728);
#1730=CARTESIAN_POINT('',(29.85,15.587294231,-3.250026102));
#1731=DIRECTION('',(-1.,-0.,-0.));
#1732=VECTOR('',#1731,0.5);
#1733=LINE('',#1730,#1732);
#1734=EDGE_CURVE('',#1729,#1721,#1733,.T.);
#1735=ORIENTED_EDGE('',*,*,#1734,.F.);
#1736=CARTESIAN_POINT('',(29.85,15.587294231,-3.250026102));
#1737=DIRECTION('',(0.,1.,0.));
#1738=VECTOR('',#1737,3.8);
#1739=LINE('',#1736,#1738);
#1740=EDGE_CURVE('',#1729,#1680,#1739,.T.);
#1741=ORIENTED_EDGE('',*,*,#1740,.T.);
#1742=EDGE_LOOP('',(#1703,#1704,#1710,#1711,#1719,#1727,#1735,#1741));
#1743=FACE_BOUND('',#1742,.T.);
#1744=ADVANCED_FACE('',(#1743),#1702,.T.);
#1745=CARTESIAN_POINT('',(37.95,15.587294231,-2.250026102));
#1746=DIRECTION('',(1.,0.,0.));
#1747=DIRECTION('',(-0.,1.,0.));
#1748=AXIS2_PLACEMENT_3D('',#1745,#1746,#1747);
#1749=CYLINDRICAL_SURFACE('',#1748,1.);
#1750=ORIENTED_EDGE('',*,*,#1519,.F.);
#1751=CARTESIAN_POINT('',(29.85,15.587294231,-2.250026102));
#1752=DIRECTION('',(-1.,0.,0.));
#1753=DIRECTION('',(0.,0.,1.));
#1754=AXIS2_PLACEMENT_3D('',#1751,#1752,#1753);
#1755=CIRCLE('',#1754,1.);
#1756=EDGE_CURVE('',#1729,#1512,#1755,.T.);
#1757=ORIENTED_EDGE('',*,*,#1756,.F.);
#1758=ORIENTED_EDGE('',*,*,#1734,.T.);
#1759=CARTESIAN_POINT('',(29.35,15.587294231,-2.250026102));
#1760=DIRECTION('',(-1.,-0.,0.));
#1761=DIRECTION('',(0.,-1.,0.));
#1762=AXIS2_PLACEMENT_3D('',#1759,#1760,#1761);
#1763=CIRCLE('',#1762,1.);
#1764=EDGE_CURVE('',#1721,#1514,#1763,.T.);
#1765=ORIENTED_EDGE('',*,*,#1764,.T.);
#1766=EDGE_LOOP('',(#1750,#1757,#1758,#1765));
#1767=FACE_BOUND('',#1766,.T.);
#1768=ADVANCED_FACE('',(#1767),#1749,.F.);
#1769=CARTESIAN_POINT('',(29.85,43.27,-3.7));
#1770=DIRECTION('',(-1.,0.,0.));
#1771=DIRECTION('',(0.,0.,1.));
#1772=AXIS2_PLACEMENT_3D('',#1769,#1770,#1771);
#1773=PLANE('',#1772);
#1774=ORIENTED_EDGE('',*,*,#1756,.T.);
#1775=ORIENTED_EDGE('',*,*,#1541,.F.);
#1776=ORIENTED_EDGE('',*,*,#1573,.T.);
#1777=ORIENTED_EDGE('',*,*,#1619,.F.);
#1778=ORIENTED_EDGE('',*,*,#1643,.T.);
#1779=ORIENTED_EDGE('',*,*,#1667,.T.);
#1780=ORIENTED_EDGE('',*,*,#1692,.T.);
#1781=ORIENTED_EDGE('',*,*,#1740,.F.);
#1782=EDGE_LOOP('',(#1774,#1775,#1776,#1777,#1778,#1779,#1780,#1781));
#1783=FACE_BOUND('',#1782,.T.);
#1784=ORIENTED_EDGE('',*,*,#1493,.T.);
#1785=ORIENTED_EDGE('',*,*,#1278,.F.);
#1786=ORIENTED_EDGE('',*,*,#1310,.T.);
#1787=ORIENTED_EDGE('',*,*,#1356,.F.);
#1788=ORIENTED_EDGE('',*,*,#1380,.T.);
#1789=ORIENTED_EDGE('',*,*,#1404,.T.);
#1790=ORIENTED_EDGE('',*,*,#1429,.T.);
#1791=ORIENTED_EDGE('',*,*,#1477,.F.);
#1792=EDGE_LOOP('',(#1784,#1785,#1786,#1787,#1788,#1789,#1790,#1791));
#1793=FACE_BOUND('',#1792,.T.);
#1794=CARTESIAN_POINT('',(29.85,-0.23,-3.9));
#1795=VERTEX_POINT('',#1794);
#1796=CARTESIAN_POINT('',(29.85,-0.23,0.3));
#1797=DIRECTION('',(0.,0.,-1.));
#1798=VECTOR('',#1797,4.2);
#1799=LINE('',#1796,#1798);
#1800=EDGE_CURVE('',#212,#1795,#1799,.T.);
#1801=ORIENTED_EDGE('',*,*,#1800,.T.);
#1802=CARTESIAN_POINT('',(29.85,86.27,-3.9));
#1803=VERTEX_POINT('',#1802);
#1804=CARTESIAN_POINT('',(29.85,-0.23,-3.9));
#1805=DIRECTION('',(-0.,1.,-0.));
#1806=VECTOR('',#1805,86.5);
#1807=LINE('',#1804,#1806);
#1808=EDGE_CURVE('',#1795,#1803,#1807,.T.);
#1809=ORIENTED_EDGE('',*,*,#1808,.T.);
#1810=CARTESIAN_POINT('',(29.85,86.27,-3.9));
#1811=DIRECTION('',(-0.,-0.,1.));
#1812=VECTOR('',#1811,4.2);
#1813=LINE('',#1810,#1812);
#1814=EDGE_CURVE('',#1803,#221,#1813,.T.);
#1815=ORIENTED_EDGE('',*,*,#1814,.T.);
#1816=ORIENTED_EDGE('',*,*,#226,.T.);
#1817=EDGE_LOOP('',(#1801,#1809,#1815,#1816));
#1818=FACE_BOUND('',#1817,.T.);
#1819=ADVANCED_FACE('',(#1783,#1793,#1818),#1773,.F.);
#1820=CARTESIAN_POINT('',(-28.35,43.27,-3.7));
#1821=DIRECTION('',(1.,0.,0.));
#1822=DIRECTION('',(-0.,1.,0.));
#1823=AXIS2_PLACEMENT_3D('',#1820,#1821,#1822);
#1824=PLANE('',#1823);
#1825=ORIENTED_EDGE('',*,*,#157,.F.);
#1826=CARTESIAN_POINT('',(-28.35,-0.23,-3.7));
#1827=DIRECTION('',(0.,0.,1.));
#1828=VECTOR('',#1827,4.);
#1829=LINE('',#1826,#1828);
#1830=EDGE_CURVE('',#856,#144,#1829,.T.);
#1831=ORIENTED_EDGE('',*,*,#1830,.F.);
#1832=ORIENTED_EDGE('',*,*,#861,.T.);
#1833=CARTESIAN_POINT('',(-28.35,5.374619606,-4.1));
#1834=VERTEX_POINT('',#1833);
#1835=CARTESIAN_POINT('',(-28.35,5.374619606,-4.1));
#1836=DIRECTION('',(0.,0.,1.));
#1837=VECTOR('',#1836,0.4);
#1838=LINE('',#1835,#1837);
#1839=EDGE_CURVE('',#1834,#848,#1838,.T.);
#1840=ORIENTED_EDGE('',*,*,#1839,.F.);
#1841=CARTESIAN_POINT('',(-28.35,14.600019657,-4.1));
#1842=VERTEX_POINT('',#1841);
#1843=CARTESIAN_POINT('',(-28.35,14.600019657,-4.1));
#1844=DIRECTION('',(0.,-1.,0.));
#1845=VECTOR('',#1844,9.225400051);
#1846=LINE('',#1843,#1845);
#1847=EDGE_CURVE('',#1842,#1834,#1846,.T.);
#1848=ORIENTED_EDGE('',*,*,#1847,.F.);
#1849=CARTESIAN_POINT('',(-28.35,14.600019657,-4.1));
#1850=DIRECTION('',(0.,0.,1.));
#1851=VECTOR('',#1850,0.4);
#1852=LINE('',#1849,#1851);
#1853=EDGE_CURVE('',#1842,#781,#1852,.T.);
#1854=ORIENTED_EDGE('',*,*,#1853,.T.);
#1855=ORIENTED_EDGE('',*,*,#786,.T.);
#1856=CARTESIAN_POINT('',(-28.35,35.9746,-0.85));
#1857=VERTEX_POINT('',#1856);
#1858=CARTESIAN_POINT('',(-28.35,35.9746,-3.7));
#1859=DIRECTION('',(-0.,-0.,1.));
#1860=VECTOR('',#1859,2.85);
#1861=LINE('',#1858,#1860);
#1862=EDGE_CURVE('',#772,#1857,#1861,.T.);
#1863=ORIENTED_EDGE('',*,*,#1862,.T.);
#1864=CARTESIAN_POINT('',(-28.35,86.77,-0.85));
#1865=VERTEX_POINT('',#1864);
#1866=CARTESIAN_POINT('',(-28.35,35.9746,-0.85));
#1867=DIRECTION('',(-0.,1.,0.));
#1868=VECTOR('',#1867,50.7954);
#1869=LINE('',#1866,#1868);
#1870=EDGE_CURVE('',#1857,#1865,#1869,.T.);
#1871=ORIENTED_EDGE('',*,*,#1870,.T.);
#1872=CARTESIAN_POINT('',(-28.35,86.77,-0.85));
#1873=DIRECTION('',(0.,0.,1.));
#1874=VECTOR('',#1873,1.15);
#1875=LINE('',#1872,#1874);
#1876=EDGE_CURVE('',#1865,#152,#1875,.T.);
#1877=ORIENTED_EDGE('',*,*,#1876,.T.);
#1878=EDGE_LOOP('',(#1825,#1831,#1832,#1840,#1848,#1854,#1855,#1863,#1871,#1877));
#1879=FACE_BOUND('',#1878,.T.);
#1880=CARTESIAN_POINT('',(-28.35,33.187345031,-1.));
#1881=VERTEX_POINT('',#1880);
#1882=CARTESIAN_POINT('',(-28.35,33.187345031,-3.250026102));
#1883=VERTEX_POINT('',#1882);
#1884=CARTESIAN_POINT('',(-28.35,33.187345031,-1.));
#1885=DIRECTION('',(0.,0.,-1.));
#1886=VECTOR('',#1885,2.250026102);
#1887=LINE('',#1884,#1886);
#1888=EDGE_CURVE('',#1881,#1883,#1887,.T.);
#1889=ORIENTED_EDGE('',*,*,#1888,.T.);
#1890=CARTESIAN_POINT('',(-28.35,25.787345031,-3.250026102));
#1891=VERTEX_POINT('',#1890);
#1892=CARTESIAN_POINT('',(-28.35,25.787345031,-3.250026102));
#1893=DIRECTION('',(-0.,1.,-0.));
#1894=VECTOR('',#1893,7.4);
#1895=LINE('',#1892,#1894);
#1896=EDGE_CURVE('',#1891,#1883,#1895,.T.);
#1897=ORIENTED_EDGE('',*,*,#1896,.F.);
#1898=CARTESIAN_POINT('',(-28.35,25.787345031,-1.));
#1899=VERTEX_POINT('',#1898);
#1900=CARTESIAN_POINT('',(-28.35,25.787345031,-3.250026102));
#1901=DIRECTION('',(0.,0.,1.));
#1902=VECTOR('',#1901,2.250026102);
#1903=LINE('',#1900,#1902);
#1904=EDGE_CURVE('',#1891,#1899,#1903,.T.);
#1905=ORIENTED_EDGE('',*,*,#1904,.T.);
#1906=CARTESIAN_POINT('',(-28.35,25.787345031,-1.));
#1907=DIRECTION('',(-0.,1.,0.));
#1908=VECTOR('',#1907,7.4);
#1909=LINE('',#1906,#1908);
#1910=EDGE_CURVE('',#1899,#1881,#1909,.T.);
#1911=ORIENTED_EDGE('',*,*,#1910,.T.);
#1912=EDGE_LOOP('',(#1889,#1897,#1905,#1911));
#1913=FACE_BOUND('',#1912,.T.);
#1914=CARTESIAN_POINT('',(-28.35,23.337332331,-1.550025388));
#1915=VERTEX_POINT('',#1914);
#1916=CARTESIAN_POINT('',(-28.35,19.537332331,-1.550025388));
#1917=VERTEX_POINT('',#1916);
#1918=CARTESIAN_POINT('',(-28.35,23.337332331,-1.550025388));
#1919=DIRECTION('',(0.,-1.,0.));
#1920=VECTOR('',#1919,3.8);
#1921=LINE('',#1918,#1920);
#1922=EDGE_CURVE('',#1915,#1917,#1921,.T.);
#1923=ORIENTED_EDGE('',*,*,#1922,.F.);
#1924=CARTESIAN_POINT('',(-28.35,23.337332331,-3.050025388));
#1925=VERTEX_POINT('',#1924);
#1926=CARTESIAN_POINT('',(-28.35,23.337332331,-3.050025388));
#1927=DIRECTION('',(0.,0.,1.));
#1928=VECTOR('',#1927,1.5);
#1929=LINE('',#1926,#1928);
#1930=EDGE_CURVE('',#1925,#1915,#1929,.T.);
#1931=ORIENTED_EDGE('',*,*,#1930,.F.);
#1932=CARTESIAN_POINT('',(-28.35,19.537332331,-3.050025388));
#1933=VERTEX_POINT('',#1932);
#1934=CARTESIAN_POINT('',(-28.35,19.537332331,-3.050025388));
#1935=DIRECTION('',(-0.,1.,0.));
#1936=VECTOR('',#1935,3.8);
#1937=LINE('',#1934,#1936);
#1938=EDGE_CURVE('',#1933,#1925,#1937,.T.);
#1939=ORIENTED_EDGE('',*,*,#1938,.F.);
#1940=CARTESIAN_POINT('',(-28.35,19.537332331,-1.550025388));
#1941=DIRECTION('',(0.,0.,-1.));
#1942=VECTOR('',#1941,1.5);
#1943=LINE('',#1940,#1942);
#1944=EDGE_CURVE('',#1917,#1933,#1943,.T.);
#1945=ORIENTED_EDGE('',*,*,#1944,.F.);
#1946=EDGE_LOOP('',(#1923,#1931,#1939,#1945));
#1947=FACE_BOUND('',#1946,.T.);
#1948=CARTESIAN_POINT('',(-28.35,6.767319631,-4.010023881));
#1949=VERTEX_POINT('',#1948);
#1950=CARTESIAN_POINT('',(-28.35,13.207319631,-4.010023881));
#1951=VERTEX_POINT('',#1950);
#1952=CARTESIAN_POINT('',(-28.35,6.767319631,-4.010023881));
#1953=DIRECTION('',(-0.,1.,0.));
#1954=VECTOR('',#1953,6.44);
#1955=LINE('',#1952,#1954);
#1956=EDGE_CURVE('',#1949,#1951,#1955,.T.);
#1957=ORIENTED_EDGE('',*,*,#1956,.F.);
#1958=CARTESIAN_POINT('',(-28.35,5.517319631,-2.760023881));
#1959=VERTEX_POINT('',#1958);
#1960=CARTESIAN_POINT('',(-28.35,6.767319631,-2.760023881));
#1961=DIRECTION('',(1.,0.,0.));
#1962=DIRECTION('',(-0.,1.,0.));
#1963=AXIS2_PLACEMENT_3D('',#1960,#1961,#1962);
#1964=CIRCLE('',#1963,1.25);
#1965=EDGE_CURVE('',#1959,#1949,#1964,.T.);
#1966=ORIENTED_EDGE('',*,*,#1965,.F.);
#1967=CARTESIAN_POINT('',(-28.35,5.517319631,-2.100023881));
#1968=VERTEX_POINT('',#1967);
#1969=CARTESIAN_POINT('',(-28.35,5.517319631,-2.760023881));
#1970=DIRECTION('',(0.,0.,1.));
#1971=VECTOR('',#1970,0.66);
#1972=LINE('',#1969,#1971);
#1973=EDGE_CURVE('',#1959,#1968,#1972,.T.);
#1974=ORIENTED_EDGE('',*,*,#1973,.T.);
#1975=CARTESIAN_POINT('',(-28.35,6.767319631,-0.850023881));
#1976=VERTEX_POINT('',#1975);
#1977=CARTESIAN_POINT('',(-28.35,6.767319631,-2.100023881));
#1978=DIRECTION('',(1.,0.,0.));
#1979=DIRECTION('',(-0.,1.,0.));
#1980=AXIS2_PLACEMENT_3D('',#1977,#1978,#1979);
#1981=CIRCLE('',#1980,1.25);
#1982=EDGE_CURVE('',#1976,#1968,#1981,.T.);
#1983=ORIENTED_EDGE('',*,*,#1982,.F.);
#1984=CARTESIAN_POINT('',(-28.35,13.207319631,-0.850023881));
#1985=VERTEX_POINT('',#1984);
#1986=CARTESIAN_POINT('',(-28.35,6.767319631,-0.850023881));
#1987=DIRECTION('',(-0.,1.,0.));
#1988=VECTOR('',#1987,6.44);
#1989=LINE('',#1986,#1988);
#1990=EDGE_CURVE('',#1976,#1985,#1989,.T.);
#1991=ORIENTED_EDGE('',*,*,#1990,.T.);
#1992=CARTESIAN_POINT('',(-28.35,14.457319631,-2.100023881));
#1993=VERTEX_POINT('',#1992);
#1994=CARTESIAN_POINT('',(-28.35,13.207319631,-2.100023881));
#1995=DIRECTION('',(1.,0.,0.));
#1996=DIRECTION('',(-0.,1.,0.));
#1997=AXIS2_PLACEMENT_3D('',#1994,#1995,#1996);
#1998=CIRCLE('',#1997,1.25);
#1999=EDGE_CURVE('',#1993,#1985,#1998,.T.);
#2000=ORIENTED_EDGE('',*,*,#1999,.F.);
#2001=CARTESIAN_POINT('',(-28.35,14.457319631,-2.760023881));
#2002=VERTEX_POINT('',#2001);
#2003=CARTESIAN_POINT('',(-28.35,14.457319631,-2.100023881));
#2004=DIRECTION('',(0.,0.,-1.));
#2005=VECTOR('',#2004,0.66);
#2006=LINE('',#2003,#2005);
#2007=EDGE_CURVE('',#1993,#2002,#2006,.T.);
#2008=ORIENTED_EDGE('',*,*,#2007,.T.);
#2009=CARTESIAN_POINT('',(-28.35,13.207319631,-2.760023881));
#2010=DIRECTION('',(1.,0.,0.));
#2011=DIRECTION('',(-0.,1.,0.));
#2012=AXIS2_PLACEMENT_3D('',#2009,#2010,#2011);
#2013=CIRCLE('',#2012,1.25);
#2014=EDGE_CURVE('',#1951,#2002,#2013,.T.);
#2015=ORIENTED_EDGE('',*,*,#2014,.F.);
#2016=EDGE_LOOP('',(#1957,#1966,#1974,#1983,#1991,#2000,#2008,#2015));
#2017=FACE_BOUND('',#2016,.T.);
#2018=ADVANCED_FACE('',(#1879,#1913,#1947,#2017),#1824,.T.);
#2019=CARTESIAN_POINT('',(-33.55,32.387345031,-2.550026102));
#2020=DIRECTION('',(0.,-1.,0.));
#2021=DIRECTION('',(1.,0.,0.));
#2022=AXIS2_PLACEMENT_3D('',#2019,#2020,#2021);
#2023=PLANE('',#2022);
#2024=CARTESIAN_POINT('',(-29.35,32.387345031,-2.250026102));
#2025=VERTEX_POINT('',#2024);
#2026=CARTESIAN_POINT('',(-29.85,32.387345031,-2.250026102));
#2027=DIRECTION('',(1.,0.,0.));
#2028=VECTOR('',#2027,0.5);
#2029=LINE('',#2026,#2028);
#2030=EDGE_CURVE('',#280,#2025,#2029,.T.);
#2031=ORIENTED_EDGE('',*,*,#2030,.T.);
#2032=CARTESIAN_POINT('',(-29.35,32.387345031,-2.));
#2033=VERTEX_POINT('',#2032);
#2034=CARTESIAN_POINT('',(-29.35,32.387345031,-2.250026102));
#2035=DIRECTION('',(0.,0.,1.));
#2036=VECTOR('',#2035,0.250026102);
#2037=LINE('',#2034,#2036);
#2038=EDGE_CURVE('',#2025,#2033,#2037,.T.);
#2039=ORIENTED_EDGE('',*,*,#2038,.T.);
#2040=CARTESIAN_POINT('',(-29.85,32.387345031,-2.));
#2041=DIRECTION('',(1.,0.,-0.));
#2042=VECTOR('',#2041,0.5);
#2043=LINE('',#2040,#2042);
#2044=EDGE_CURVE('',#289,#2033,#2043,.T.);
#2045=ORIENTED_EDGE('',*,*,#2044,.F.);
#2046=ORIENTED_EDGE('',*,*,#294,.T.);
#2047=EDGE_LOOP('',(#2031,#2039,#2045,#2046));
#2048=FACE_BOUND('',#2047,.T.);
#2049=ADVANCED_FACE('',(#2048),#2023,.T.);
#2050=CARTESIAN_POINT('',(-33.55,31.387345031,-2.));
#2051=DIRECTION('',(-1.,-0.,0.));
#2052=DIRECTION('',(0.,-1.,0.));
#2053=AXIS2_PLACEMENT_3D('',#2050,#2051,#2052);
#2054=CYLINDRICAL_SURFACE('',#2053,1.);
#2055=CARTESIAN_POINT('',(-29.35,31.387345031,-1.));
#2056=VERTEX_POINT('',#2055);
#2057=CARTESIAN_POINT('',(-29.35,31.387345031,-2.));
#2058=DIRECTION('',(-1.,-0.,-0.));
#2059=DIRECTION('',(-0.,1.,0.));
#2060=AXIS2_PLACEMENT_3D('',#2057,#2058,#2059);
#2061=CIRCLE('',#2060,1.);
#2062=EDGE_CURVE('',#2056,#2033,#2061,.T.);
#2063=ORIENTED_EDGE('',*,*,#2062,.F.);
#2064=CARTESIAN_POINT('',(-29.85,31.387345031,-1.));
#2065=DIRECTION('',(1.,0.,0.));
#2066=VECTOR('',#2065,0.5);
#2067=LINE('',#2064,#2066);
#2068=EDGE_CURVE('',#297,#2056,#2067,.T.);
#2069=ORIENTED_EDGE('',*,*,#2068,.F.);
#2070=ORIENTED_EDGE('',*,*,#303,.F.);
#2071=ORIENTED_EDGE('',*,*,#2044,.T.);
#2072=EDGE_LOOP('',(#2063,#2069,#2070,#2071));
#2073=FACE_BOUND('',#2072,.T.);
#2074=ADVANCED_FACE('',(#2073),#2054,.F.);
#2075=CARTESIAN_POINT('',(-33.55,29.487345031,-1.));
#2076=DIRECTION('',(0.,0.,-1.));
#2077=DIRECTION('',(-1.,0.,0.));
#2078=AXIS2_PLACEMENT_3D('',#2075,#2076,#2077);
#2079=PLANE('',#2078);
#2080=ORIENTED_EDGE('',*,*,#2068,.T.);
#2081=CARTESIAN_POINT('',(-29.35,33.187345031,-1.));
#2082=VERTEX_POINT('',#2081);
#2083=CARTESIAN_POINT('',(-29.35,31.387345031,-1.));
#2084=DIRECTION('',(-0.,1.,0.));
#2085=VECTOR('',#2084,1.8);
#2086=LINE('',#2083,#2085);
#2087=EDGE_CURVE('',#2056,#2082,#2086,.T.);
#2088=ORIENTED_EDGE('',*,*,#2087,.T.);
#2089=CARTESIAN_POINT('',(-29.35,33.187345031,-1.));
#2090=DIRECTION('',(1.,0.,0.));
#2091=VECTOR('',#2090,1.);
#2092=LINE('',#2089,#2091);
#2093=EDGE_CURVE('',#2082,#1881,#2092,.T.);
#2094=ORIENTED_EDGE('',*,*,#2093,.T.);
#2095=ORIENTED_EDGE('',*,*,#1910,.F.);
#2096=CARTESIAN_POINT('',(-29.35,25.787345031,-1.));
#2097=DIRECTION('',(1.,0.,0.));
#2098=VECTOR('',#2097,1.);
#2099=LINE('',#2096,#2098);
#2100=EDGE_CURVE('',#597,#1899,#2099,.T.);
#2101=ORIENTED_EDGE('',*,*,#2100,.F.);
#2102=ORIENTED_EDGE('',*,*,#604,.T.);
#2103=CARTESIAN_POINT('',(-29.85,27.587319631,-1.));
#2104=DIRECTION('',(1.,0.,-0.));
#2105=VECTOR('',#2104,0.5);
#2106=LINE('',#2103,#2105);
#2107=EDGE_CURVE('',#306,#599,#2106,.T.);
#2108=ORIENTED_EDGE('',*,*,#2107,.F.);
#2109=ORIENTED_EDGE('',*,*,#311,.T.);
#2110=EDGE_LOOP('',(#2080,#2088,#2094,#2095,#2101,#2102,#2108,#2109));
#2111=FACE_BOUND('',#2110,.T.);
#2112=ADVANCED_FACE('',(#2111),#2079,.T.);
#2113=CARTESIAN_POINT('',(-33.55,27.587319631,-2.));
#2114=DIRECTION('',(1.,0.,0.));
#2115=DIRECTION('',(-0.,1.,0.));
#2116=AXIS2_PLACEMENT_3D('',#2113,#2114,#2115);
#2117=CYLINDRICAL_SURFACE('',#2116,1.);
#2118=ORIENTED_EDGE('',*,*,#644,.F.);
#2119=CARTESIAN_POINT('',(-29.85,26.587319631,-2.));
#2120=DIRECTION('',(1.,0.,0.));
#2121=VECTOR('',#2120,0.5);
#2122=LINE('',#2119,#2121);
#2123=EDGE_CURVE('',#314,#632,#2122,.T.);
#2124=ORIENTED_EDGE('',*,*,#2123,.F.);
#2125=ORIENTED_EDGE('',*,*,#320,.F.);
#2126=ORIENTED_EDGE('',*,*,#2107,.T.);
#2127=EDGE_LOOP('',(#2118,#2124,#2125,#2126));
#2128=FACE_BOUND('',#2127,.T.);
#2129=ADVANCED_FACE('',(#2128),#2117,.F.);
#2130=CARTESIAN_POINT('',(-33.55,26.587319631,-2.550026102));
#2131=DIRECTION('',(0.,-1.,0.));
#2132=DIRECTION('',(1.,0.,0.));
#2133=AXIS2_PLACEMENT_3D('',#2130,#2131,#2132);
#2134=PLANE('',#2133);
#2135=ORIENTED_EDGE('',*,*,#637,.F.);
#2136=CARTESIAN_POINT('',(-29.85,26.587319631,-2.250026102));
#2137=DIRECTION('',(1.,0.,-0.));
#2138=VECTOR('',#2137,0.5);
#2139=LINE('',#2136,#2138);
#2140=EDGE_CURVE('',#323,#623,#2139,.T.);
#2141=ORIENTED_EDGE('',*,*,#2140,.F.);
#2142=ORIENTED_EDGE('',*,*,#328,.F.);
#2143=ORIENTED_EDGE('',*,*,#2123,.T.);
#2144=EDGE_LOOP('',(#2135,#2141,#2142,#2143));
#2145=FACE_BOUND('',#2144,.T.);
#2146=ADVANCED_FACE('',(#2145),#2134,.F.);
#2147=CARTESIAN_POINT('',(-33.55,27.587319631,-2.250026102));
#2148=DIRECTION('',(1.,0.,0.));
#2149=DIRECTION('',(-0.,1.,0.));
#2150=AXIS2_PLACEMENT_3D('',#2147,#2148,#2149);
#2151=CYLINDRICAL_SURFACE('',#2150,1.);
#2152=ORIENTED_EDGE('',*,*,#2140,.T.);
#2153=ORIENTED_EDGE('',*,*,#629,.F.);
#2154=CARTESIAN_POINT('',(-29.85,27.587319631,-3.250026102));
#2155=DIRECTION('',(1.,0.,0.));
#2156=VECTOR('',#2155,0.5);
#2157=LINE('',#2154,#2156);
#2158=EDGE_CURVE('',#331,#615,#2157,.T.);
#2159=ORIENTED_EDGE('',*,*,#2158,.F.);
#2160=ORIENTED_EDGE('',*,*,#337,.F.);
#2161=EDGE_LOOP('',(#2152,#2153,#2159,#2160));
#2162=FACE_BOUND('',#2161,.T.);
#2163=ADVANCED_FACE('',(#2162),#2151,.F.);
#2164=CARTESIAN_POINT('',(-33.55,29.487345031,-3.250026102));
#2165=DIRECTION('',(0.,0.,1.));
#2166=DIRECTION('',(1.,0.,0.));
#2167=AXIS2_PLACEMENT_3D('',#2164,#2165,#2166);
#2168=PLANE('',#2167);
#2169=ORIENTED_EDGE('',*,*,#2158,.T.);
#2170=ORIENTED_EDGE('',*,*,#620,.F.);
#2171=CARTESIAN_POINT('',(-29.35,25.787345031,-3.250026102));
#2172=DIRECTION('',(1.,0.,0.));
#2173=VECTOR('',#2172,1.);
#2174=LINE('',#2171,#2173);
#2175=EDGE_CURVE('',#607,#1891,#2174,.T.);
#2176=ORIENTED_EDGE('',*,*,#2175,.T.);
#2177=ORIENTED_EDGE('',*,*,#1896,.T.);
#2178=CARTESIAN_POINT('',(-29.35,33.187345031,-3.250026102));
#2179=VERTEX_POINT('',#2178);
#2180=CARTESIAN_POINT('',(-29.35,33.187345031,-3.250026102));
#2181=DIRECTION('',(1.,0.,0.));
#2182=VECTOR('',#2181,1.);
#2183=LINE('',#2180,#2182);
#2184=EDGE_CURVE('',#2179,#1883,#2183,.T.);
#2185=ORIENTED_EDGE('',*,*,#2184,.F.);
#2186=CARTESIAN_POINT('',(-29.35,31.387345031,-3.250026102));
#2187=VERTEX_POINT('',#2186);
#2188=CARTESIAN_POINT('',(-29.35,31.387345031,-3.250026102));
#2189=DIRECTION('',(-0.,1.,0.));
#2190=VECTOR('',#2189,1.8);
#2191=LINE('',#2188,#2190);
#2192=EDGE_CURVE('',#2187,#2179,#2191,.T.);
#2193=ORIENTED_EDGE('',*,*,#2192,.F.);
#2194=CARTESIAN_POINT('',(-29.85,31.387345031,-3.250026102));
#2195=DIRECTION('',(1.,0.,-0.));
#2196=VECTOR('',#2195,0.5);
#2197=LINE('',#2194,#2196);
#2198=EDGE_CURVE('',#278,#2187,#2197,.T.);
#2199=ORIENTED_EDGE('',*,*,#2198,.F.);
#2200=ORIENTED_EDGE('',*,*,#343,.T.);
#2201=EDGE_LOOP('',(#2169,#2170,#2176,#2177,#2185,#2193,#2199,#2200));
#2202=FACE_BOUND('',#2201,.T.);
#2203=ADVANCED_FACE('',(#2202),#2168,.T.);
#2204=CARTESIAN_POINT('',(-33.55,31.387345031,-2.250026102));
#2205=DIRECTION('',(-1.,-0.,0.));
#2206=DIRECTION('',(0.,-1.,0.));
#2207=AXIS2_PLACEMENT_3D('',#2204,#2205,#2206);
#2208=CYLINDRICAL_SURFACE('',#2207,1.);
#2209=ORIENTED_EDGE('',*,*,#2030,.F.);
#2210=ORIENTED_EDGE('',*,*,#286,.F.);
#2211=ORIENTED_EDGE('',*,*,#2198,.T.);
#2212=CARTESIAN_POINT('',(-29.35,31.387345031,-2.250026102));
#2213=DIRECTION('',(-1.,-0.,-0.));
#2214=DIRECTION('',(-0.,1.,0.));
#2215=AXIS2_PLACEMENT_3D('',#2212,#2213,#2214);
#2216=CIRCLE('',#2215,1.);
#2217=EDGE_CURVE('',#2025,#2187,#2216,.T.);
#2218=ORIENTED_EDGE('',*,*,#2217,.F.);
#2219=EDGE_LOOP('',(#2209,#2210,#2211,#2218));
#2220=FACE_BOUND('',#2219,.T.);
#2221=ADVANCED_FACE('',(#2220),#2208,.F.);
#2222=CARTESIAN_POINT('',(-0.,86.77,-3.7));
#2223=DIRECTION('',(0.,-1.,0.));
#2224=DIRECTION('',(1.,0.,0.));
#2225=AXIS2_PLACEMENT_3D('',#2222,#2223,#2224);
#2226=PLANE('',#2225);
#2227=ORIENTED_EDGE('',*,*,#1876,.F.);
#2228=CARTESIAN_POINT('',(-28.35,86.77,-0.85));
#2229=DIRECTION('',(1.,0.,-0.));
#2230=VECTOR('',#2229,56.7);
#2231=LINE('',#2228,#2230);
#2232=EDGE_CURVE('',#1865,#1142,#2231,.T.);
#2233=ORIENTED_EDGE('',*,*,#2232,.T.);
#2234=ORIENTED_EDGE('',*,*,#1147,.T.);
#2235=ORIENTED_EDGE('',*,*,#165,.F.);
#2236=EDGE_LOOP('',(#2227,#2233,#2234,#2235));
#2237=FACE_BOUND('',#2236,.T.);
#2238=ADVANCED_FACE('',(#2237),#2226,.T.);
#2239=CARTESIAN_POINT('',(-0.,88.27,-3.7));
#2240=DIRECTION('',(-0.,1.,0.));
#2241=DIRECTION('',(-1.,-0.,0.));
#2242=AXIS2_PLACEMENT_3D('',#2239,#2240,#2241);
#2243=PLANE('',#2242);
#2244=CARTESIAN_POINT('',(27.85,88.27,-3.9));
#2245=VERTEX_POINT('',#2244);
#2246=CARTESIAN_POINT('',(27.85,88.27,0.3));
#2247=DIRECTION('',(0.,0.,-1.));
#2248=VECTOR('',#2247,4.2);
#2249=LINE('',#2246,#2248);
#2250=EDGE_CURVE('',#229,#2245,#2249,.T.);
#2251=ORIENTED_EDGE('',*,*,#2250,.T.);
#2252=CARTESIAN_POINT('',(-27.85,88.27,-3.9));
#2253=VERTEX_POINT('',#2252);
#2254=CARTESIAN_POINT('',(27.85,88.27,-3.9));
#2255=DIRECTION('',(-1.,-0.,-0.));
#2256=VECTOR('',#2255,55.7);
#2257=LINE('',#2254,#2256);
#2258=EDGE_CURVE('',#2245,#2253,#2257,.T.);
#2259=ORIENTED_EDGE('',*,*,#2258,.T.);
#2260=CARTESIAN_POINT('',(-27.85,88.27,-3.9));
#2261=DIRECTION('',(-0.,-0.,1.));
#2262=VECTOR('',#2261,4.2);
#2263=LINE('',#2260,#2262);
#2264=EDGE_CURVE('',#2253,#238,#2263,.T.);
#2265=ORIENTED_EDGE('',*,*,#2264,.T.);
#2266=ORIENTED_EDGE('',*,*,#243,.F.);
#2267=EDGE_LOOP('',(#2251,#2259,#2265,#2266));
#2268=FACE_BOUND('',#2267,.T.);
#2269=ADVANCED_FACE('',(#2268),#2243,.T.);
#2270=CARTESIAN_POINT('',(0.,-0.23,-3.7));
#2271=DIRECTION('',(-0.,1.,0.));
#2272=DIRECTION('',(-1.,-0.,0.));
#2273=AXIS2_PLACEMENT_3D('',#2270,#2271,#2272);
#2274=PLANE('',#2273);
#2275=ORIENTED_EDGE('',*,*,#149,.F.);
#2276=CARTESIAN_POINT('',(-13.5,-0.23,-3.7));
#2277=DIRECTION('',(0.,0.,1.));
#2278=VECTOR('',#2277,4.);
#2279=LINE('',#2276,#2278);
#2280=EDGE_CURVE('',#864,#135,#2279,.T.);
#2281=ORIENTED_EDGE('',*,*,#2280,.F.);
#2282=ORIENTED_EDGE('',*,*,#869,.T.);
#2283=ORIENTED_EDGE('',*,*,#1830,.T.);
#2284=EDGE_LOOP('',(#2275,#2281,#2282,#2283));
#2285=FACE_BOUND('',#2284,.T.);
#2286=ADVANCED_FACE('',(#2285),#2274,.T.);
#2287=CARTESIAN_POINT('',(-0.,-2.23,-3.7));
#2288=DIRECTION('',(-0.,1.,0.));
#2289=DIRECTION('',(-1.,-0.,0.));
#2290=AXIS2_PLACEMENT_3D('',#2287,#2288,#2289);
#2291=PLANE('',#2290);
#2292=CARTESIAN_POINT('',(-27.85,-2.23,-3.9));
#2293=VERTEX_POINT('',#2292);
#2294=CARTESIAN_POINT('',(-27.85,-2.23,0.3));
#2295=DIRECTION('',(0.,0.,-1.));
#2296=VECTOR('',#2295,4.2);
#2297=LINE('',#2294,#2296);
#2298=EDGE_CURVE('',#204,#2293,#2297,.T.);
#2299=ORIENTED_EDGE('',*,*,#2298,.T.);
#2300=CARTESIAN_POINT('',(27.85,-2.23,-3.9));
#2301=VERTEX_POINT('',#2300);
#2302=CARTESIAN_POINT('',(-27.85,-2.23,-3.9));
#2303=DIRECTION('',(1.,0.,-0.));
#2304=VECTOR('',#2303,55.7);
#2305=LINE('',#2302,#2304);
#2306=EDGE_CURVE('',#2293,#2301,#2305,.T.);
#2307=ORIENTED_EDGE('',*,*,#2306,.T.);
#2308=CARTESIAN_POINT('',(27.85,-2.23,-3.9));
#2309=DIRECTION('',(-0.,-0.,1.));
#2310=VECTOR('',#2309,4.2);
#2311=LINE('',#2308,#2310);
#2312=EDGE_CURVE('',#2301,#202,#2311,.T.);
#2313=ORIENTED_EDGE('',*,*,#2312,.T.);
#2314=ORIENTED_EDGE('',*,*,#209,.T.);
#2315=EDGE_LOOP('',(#2299,#2307,#2313,#2314));
#2316=FACE_BOUND('',#2315,.T.);
#2317=ADVANCED_FACE('',(#2316),#2291,.F.);
#2318=CARTESIAN_POINT('',(0.,0.,-4.4));
#2319=DIRECTION('',(0.,0.,-1.));
#2320=DIRECTION('',(-1.,0.,0.));
#2321=AXIS2_PLACEMENT_3D('',#2318,#2319,#2320);
#2322=PLANE('',#2321);
#2323=CARTESIAN_POINT('',(27.85,87.77,-4.4));
#2324=VERTEX_POINT('',#2323);
#2325=CARTESIAN_POINT('',(29.35,86.27,-4.4));
#2326=VERTEX_POINT('',#2325);
#2327=CARTESIAN_POINT('',(27.85,86.27,-4.4));
#2328=DIRECTION('',(0.,0.,-1.));
#2329=DIRECTION('',(-1.,0.,0.));
#2330=AXIS2_PLACEMENT_3D('',#2327,#2328,#2329);
#2331=CIRCLE('',#2330,1.5);
#2332=EDGE_CURVE('',#2324,#2326,#2331,.T.);
#2333=ORIENTED_EDGE('',*,*,#2332,.T.);
#2334=CARTESIAN_POINT('',(29.35,-0.23,-4.4));
#2335=VERTEX_POINT('',#2334);
#2336=CARTESIAN_POINT('',(29.35,86.27,-4.4));
#2337=DIRECTION('',(0.,-1.,0.));
#2338=VECTOR('',#2337,86.5);
#2339=LINE('',#2336,#2338);
#2340=EDGE_CURVE('',#2326,#2335,#2339,.T.);
#2341=ORIENTED_EDGE('',*,*,#2340,.T.);
#2342=CARTESIAN_POINT('',(27.85,-1.73,-4.4));
#2343=VERTEX_POINT('',#2342);
#2344=CARTESIAN_POINT('',(27.85,-0.23,-4.4));
#2345=DIRECTION('',(0.,0.,-1.));
#2346=DIRECTION('',(-1.,0.,0.));
#2347=AXIS2_PLACEMENT_3D('',#2344,#2345,#2346);
#2348=CIRCLE('',#2347,1.5);
#2349=EDGE_CURVE('',#2335,#2343,#2348,.T.);
#2350=ORIENTED_EDGE('',*,*,#2349,.T.);
#2351=CARTESIAN_POINT('',(-27.85,-1.73,-4.4));
#2352=VERTEX_POINT('',#2351);
#2353=CARTESIAN_POINT('',(27.85,-1.73,-4.4));
#2354=DIRECTION('',(-1.,-0.,0.));
#2355=VECTOR('',#2354,55.7);
#2356=LINE('',#2353,#2355);
#2357=EDGE_CURVE('',#2343,#2352,#2356,.T.);
#2358=ORIENTED_EDGE('',*,*,#2357,.T.);
#2359=CARTESIAN_POINT('',(-29.35,-0.23,-4.4));
#2360=VERTEX_POINT('',#2359);
#2361=CARTESIAN_POINT('',(-27.85,-0.23,-4.4));
#2362=DIRECTION('',(0.,0.,-1.));
#2363=DIRECTION('',(-1.,0.,0.));
#2364=AXIS2_PLACEMENT_3D('',#2361,#2362,#2363);
#2365=CIRCLE('',#2364,1.5);
#2366=EDGE_CURVE('',#2352,#2360,#2365,.T.);
#2367=ORIENTED_EDGE('',*,*,#2366,.T.);
#2368=CARTESIAN_POINT('',(-29.35,86.27,-4.4));
#2369=VERTEX_POINT('',#2368);
#2370=CARTESIAN_POINT('',(-29.35,-0.23,-4.4));
#2371=DIRECTION('',(0.,1.,0.));
#2372=VECTOR('',#2371,86.5);
#2373=LINE('',#2370,#2372);
#2374=EDGE_CURVE('',#2360,#2369,#2373,.T.);
#2375=ORIENTED_EDGE('',*,*,#2374,.T.);
#2376=CARTESIAN_POINT('',(-27.85,87.77,-4.4));
#2377=VERTEX_POINT('',#2376);
#2378=CARTESIAN_POINT('',(-27.85,86.27,-4.4));
#2379=DIRECTION('',(0.,0.,-1.));
#2380=DIRECTION('',(-1.,0.,0.));
#2381=AXIS2_PLACEMENT_3D('',#2378,#2379,#2380);
#2382=CIRCLE('',#2381,1.5);
#2383=EDGE_CURVE('',#2369,#2377,#2382,.T.);
#2384=ORIENTED_EDGE('',*,*,#2383,.T.);
#2385=CARTESIAN_POINT('',(-27.85,87.77,-4.4));
#2386=DIRECTION('',(1.,0.,0.));
#2387=VECTOR('',#2386,55.7);
#2388=LINE('',#2385,#2387);
#2389=EDGE_CURVE('',#2377,#2324,#2388,.T.);
#2390=ORIENTED_EDGE('',*,*,#2389,.T.);
#2391=EDGE_LOOP('',(#2333,#2341,#2350,#2358,#2367,#2375,#2384,#2390));
#2392=FACE_BOUND('',#2391,.T.);
#2393=ADVANCED_FACE('',(#2392),#2322,.T.);
#2394=CARTESIAN_POINT('',(-25.999992246,33.987319631,-1.65));
#2395=DIRECTION('',(0.,0.,-1.));
#2396=DIRECTION('',(-1.,0.,0.));
#2397=AXIS2_PLACEMENT_3D('',#2394,#2395,#2396);
#2398=CYLINDRICAL_SURFACE('',#2397,1.5);
#2399=CARTESIAN_POINT('',(-27.499992246,33.987319631,-1.65));
#2400=VERTEX_POINT('',#2399);
#2401=CARTESIAN_POINT('',(-27.499992246,33.987319631,-3.7));
#2402=DIRECTION('',(-0.,-0.,1.));
#2403=VECTOR('',#2402,2.05);
#2404=LINE('',#2401,#2403);
#2405=EDGE_CURVE('',#979,#2400,#2404,.T.);
#2406=ORIENTED_EDGE('',*,*,#2405,.T.);
#2407=CARTESIAN_POINT('',(-24.499992246,33.987319631,-1.65));
#2408=VERTEX_POINT('',#2407);
#2409=CARTESIAN_POINT('',(-25.999992246,33.987319631,-1.65));
#2410=DIRECTION('',(0.,0.,1.));
#2411=DIRECTION('',(1.,0.,-0.));
#2412=AXIS2_PLACEMENT_3D('',#2409,#2410,#2411);
#2413=CIRCLE('',#2412,1.5);
#2414=EDGE_CURVE('',#2408,#2400,#2413,.T.);
#2415=ORIENTED_EDGE('',*,*,#2414,.F.);
#2416=CARTESIAN_POINT('',(-25.999992246,33.987319631,-1.65));
#2417=DIRECTION('',(0.,0.,1.));
#2418=DIRECTION('',(1.,0.,-0.));
#2419=AXIS2_PLACEMENT_3D('',#2416,#2417,#2418);
#2420=CIRCLE('',#2419,1.5);
#2421=EDGE_CURVE('',#2400,#2408,#2420,.T.);
#2422=ORIENTED_EDGE('',*,*,#2421,.F.);
#2423=ORIENTED_EDGE('',*,*,#2405,.F.);
#2424=ORIENTED_EDGE('',*,*,#985,.T.);
#2425=EDGE_LOOP('',(#2406,#2415,#2422,#2423,#2424));
#2426=FACE_BOUND('',#2425,.T.);
#2427=ADVANCED_FACE('',(#2426),#2398,.T.);
#2428=CARTESIAN_POINT('',(0.,0.,-1.65));
#2429=DIRECTION('',(0.,0.,1.));
#2430=DIRECTION('',(1.,0.,0.));
#2431=AXIS2_PLACEMENT_3D('',#2428,#2429,#2430);
#2432=PLANE('',#2431);
#2433=CARTESIAN_POINT('',(-26.999992246,33.987319631,-1.65));
#2434=VERTEX_POINT('',#2433);
#2435=CARTESIAN_POINT('',(-24.999992246,33.987319631,-1.65));
#2436=VERTEX_POINT('',#2435);
#2437=CARTESIAN_POINT('',(-25.999992246,33.987319631,-1.65));
#2438=DIRECTION('',(0.,0.,1.));
#2439=DIRECTION('',(1.,0.,-0.));
#2440=AXIS2_PLACEMENT_3D('',#2437,#2438,#2439);
#2441=CIRCLE('',#2440,1.);
#2442=EDGE_CURVE('',#2434,#2436,#2441,.T.);
#2443=ORIENTED_EDGE('',*,*,#2442,.F.);
#2444=CARTESIAN_POINT('',(-25.999992246,33.987319631,-1.65));
#2445=DIRECTION('',(0.,0.,1.));
#2446=DIRECTION('',(1.,0.,-0.));
#2447=AXIS2_PLACEMENT_3D('',#2444,#2445,#2446);
#2448=CIRCLE('',#2447,1.);
#2449=EDGE_CURVE('',#2436,#2434,#2448,.T.);
#2450=ORIENTED_EDGE('',*,*,#2449,.F.);
#2451=EDGE_LOOP('',(#2443,#2450));
#2452=FACE_BOUND('',#2451,.T.);
#2453=ORIENTED_EDGE('',*,*,#2414,.T.);
#2454=ORIENTED_EDGE('',*,*,#2421,.T.);
#2455=EDGE_LOOP('',(#2453,#2454));
#2456=FACE_BOUND('',#2455,.T.);
#2457=ADVANCED_FACE('',(#2452,#2456),#2432,.T.);
#2458=CARTESIAN_POINT('',(0.,0.,-0.85));
#2459=DIRECTION('',(0.,0.,1.));
#2460=DIRECTION('',(1.,0.,0.));
#2461=AXIS2_PLACEMENT_3D('',#2458,#2459,#2460);
#2462=PLANE('',#2461);
#2463=CARTESIAN_POINT('',(-24.999992246,33.987319631,-0.85));
#2464=VERTEX_POINT('',#2463);
#2465=CARTESIAN_POINT('',(-26.999992246,33.987319631,-0.85));
#2466=VERTEX_POINT('',#2465);
#2467=CARTESIAN_POINT('',(-25.999992246,33.987319631,-0.85));
#2468=DIRECTION('',(0.,0.,1.));
#2469=DIRECTION('',(1.,0.,-0.));
#2470=AXIS2_PLACEMENT_3D('',#2467,#2468,#2469);
#2471=CIRCLE('',#2470,1.);
#2472=EDGE_CURVE('',#2464,#2466,#2471,.T.);
#2473=ORIENTED_EDGE('',*,*,#2472,.T.);
#2474=CARTESIAN_POINT('',(-25.999992246,33.987319631,-0.85));
#2475=DIRECTION('',(0.,0.,1.));
#2476=DIRECTION('',(1.,0.,-0.));
#2477=AXIS2_PLACEMENT_3D('',#2474,#2475,#2476);
#2478=CIRCLE('',#2477,1.);
#2479=EDGE_CURVE('',#2466,#2464,#2478,.T.);
#2480=ORIENTED_EDGE('',*,*,#2479,.T.);
#2481=EDGE_LOOP('',(#2473,#2480));
#2482=FACE_BOUND('',#2481,.T.);
#2483=ADVANCED_FACE('',(#2482),#2462,.T.);
#2484=CARTESIAN_POINT('',(-25.999992246,33.987319631,-0.85));
#2485=DIRECTION('',(0.,0.,-1.));
#2486=DIRECTION('',(-1.,0.,0.));
#2487=AXIS2_PLACEMENT_3D('',#2484,#2485,#2486);
#2488=CYLINDRICAL_SURFACE('',#2487,1.);
#2489=CARTESIAN_POINT('',(-26.999992246,33.987319631,-1.65));
#2490=DIRECTION('',(-0.,-0.,1.));
#2491=VECTOR('',#2490,0.8);
#2492=LINE('',#2489,#2491);
#2493=EDGE_CURVE('',#2434,#2466,#2492,.T.);
#2494=ORIENTED_EDGE('',*,*,#2493,.T.);
#2495=ORIENTED_EDGE('',*,*,#2472,.F.);
#2496=ORIENTED_EDGE('',*,*,#2479,.F.);
#2497=ORIENTED_EDGE('',*,*,#2493,.F.);
#2498=ORIENTED_EDGE('',*,*,#2442,.T.);
#2499=ORIENTED_EDGE('',*,*,#2449,.T.);
#2500=EDGE_LOOP('',(#2494,#2495,#2496,#2497,#2498,#2499));
#2501=FACE_BOUND('',#2500,.T.);
#2502=ADVANCED_FACE('',(#2501),#2488,.T.);
#2503=CARTESIAN_POINT('',(26.000007754,33.987319631,-1.65));
#2504=DIRECTION('',(0.,0.,-1.));
#2505=DIRECTION('',(-1.,0.,0.));
#2506=AXIS2_PLACEMENT_3D('',#2503,#2504,#2505);
#2507=CYLINDRICAL_SURFACE('',#2506,1.5);
#2508=CARTESIAN_POINT('',(24.500007754,33.987319631,-1.65));
#2509=VERTEX_POINT('',#2508);
#2510=CARTESIAN_POINT('',(24.500007754,33.987319631,-3.7));
#2511=DIRECTION('',(-0.,-0.,1.));
#2512=VECTOR('',#2511,2.05);
#2513=LINE('',#2510,#2512);
#2514=EDGE_CURVE('',#990,#2509,#2513,.T.);
#2515=ORIENTED_EDGE('',*,*,#2514,.T.);
#2516=CARTESIAN_POINT('',(27.500007754,33.987319631,-1.65));
#2517=VERTEX_POINT('',#2516);
#2518=CARTESIAN_POINT('',(26.000007754,33.987319631,-1.65));
#2519=DIRECTION('',(0.,0.,1.));
#2520=DIRECTION('',(1.,0.,-0.));
#2521=AXIS2_PLACEMENT_3D('',#2518,#2519,#2520);
#2522=CIRCLE('',#2521,1.5);
#2523=EDGE_CURVE('',#2517,#2509,#2522,.T.);
#2524=ORIENTED_EDGE('',*,*,#2523,.F.);
#2525=CARTESIAN_POINT('',(26.000007754,33.987319631,-1.65));
#2526=DIRECTION('',(0.,0.,1.));
#2527=DIRECTION('',(1.,0.,-0.));
#2528=AXIS2_PLACEMENT_3D('',#2525,#2526,#2527);
#2529=CIRCLE('',#2528,1.5);
#2530=EDGE_CURVE('',#2509,#2517,#2529,.T.);
#2531=ORIENTED_EDGE('',*,*,#2530,.F.);
#2532=ORIENTED_EDGE('',*,*,#2514,.F.);
#2533=ORIENTED_EDGE('',*,*,#996,.T.);
#2534=EDGE_LOOP('',(#2515,#2524,#2531,#2532,#2533));
#2535=FACE_BOUND('',#2534,.T.);
#2536=ADVANCED_FACE('',(#2535),#2507,.T.);
#2537=CARTESIAN_POINT('',(0.,0.,-1.65));
#2538=DIRECTION('',(0.,0.,1.));
#2539=DIRECTION('',(1.,0.,0.));
#2540=AXIS2_PLACEMENT_3D('',#2537,#2538,#2539);
#2541=PLANE('',#2540);
#2542=CARTESIAN_POINT('',(25.000007754,33.987319631,-1.65));
#2543=VERTEX_POINT('',#2542);
#2544=CARTESIAN_POINT('',(27.000007754,33.987319631,-1.65));
#2545=VERTEX_POINT('',#2544);
#2546=CARTESIAN_POINT('',(26.000007754,33.987319631,-1.65));
#2547=DIRECTION('',(0.,0.,1.));
#2548=DIRECTION('',(1.,0.,-0.));
#2549=AXIS2_PLACEMENT_3D('',#2546,#2547,#2548);
#2550=CIRCLE('',#2549,1.);
#2551=EDGE_CURVE('',#2543,#2545,#2550,.T.);
#2552=ORIENTED_EDGE('',*,*,#2551,.F.);
#2553=CARTESIAN_POINT('',(26.000007754,33.987319631,-1.65));
#2554=DIRECTION('',(0.,0.,1.));
#2555=DIRECTION('',(1.,0.,-0.));
#2556=AXIS2_PLACEMENT_3D('',#2553,#2554,#2555);
#2557=CIRCLE('',#2556,1.);
#2558=EDGE_CURVE('',#2545,#2543,#2557,.T.);
#2559=ORIENTED_EDGE('',*,*,#2558,.F.);
#2560=EDGE_LOOP('',(#2552,#2559));
#2561=FACE_BOUND('',#2560,.T.);
#2562=ORIENTED_EDGE('',*,*,#2523,.T.);
#2563=ORIENTED_EDGE('',*,*,#2530,.T.);
#2564=EDGE_LOOP('',(#2562,#2563));
#2565=FACE_BOUND('',#2564,.T.);
#2566=ADVANCED_FACE('',(#2561,#2565),#2541,.T.);
#2567=CARTESIAN_POINT('',(26.000007754,33.987319631,-0.85));
#2568=DIRECTION('',(0.,0.,-1.));
#2569=DIRECTION('',(-1.,0.,0.));
#2570=AXIS2_PLACEMENT_3D('',#2567,#2568,#2569);
#2571=CYLINDRICAL_SURFACE('',#2570,1.);
#2572=CARTESIAN_POINT('',(25.000007754,33.987319631,-0.85));
#2573=VERTEX_POINT('',#2572);
#2574=CARTESIAN_POINT('',(25.000007754,33.987319631,-1.65));
#2575=DIRECTION('',(-0.,-0.,1.));
#2576=VECTOR('',#2575,0.8);
#2577=LINE('',#2574,#2576);
#2578=EDGE_CURVE('',#2543,#2573,#2577,.T.);
#2579=ORIENTED_EDGE('',*,*,#2578,.T.);
#2580=CARTESIAN_POINT('',(27.000007754,33.987319631,-0.85));
#2581=VERTEX_POINT('',#2580);
#2582=CARTESIAN_POINT('',(26.000007754,33.987319631,-0.85));
#2583=DIRECTION('',(0.,0.,1.));
#2584=DIRECTION('',(1.,0.,-0.));
#2585=AXIS2_PLACEMENT_3D('',#2582,#2583,#2584);
#2586=CIRCLE('',#2585,1.);
#2587=EDGE_CURVE('',#2581,#2573,#2586,.T.);
#2588=ORIENTED_EDGE('',*,*,#2587,.F.);
#2589=CARTESIAN_POINT('',(26.000007754,33.987319631,-0.85));
#2590=DIRECTION('',(0.,0.,1.));
#2591=DIRECTION('',(1.,0.,-0.));
#2592=AXIS2_PLACEMENT_3D('',#2589,#2590,#2591);
#2593=CIRCLE('',#2592,1.);
#2594=EDGE_CURVE('',#2573,#2581,#2593,.T.);
#2595=ORIENTED_EDGE('',*,*,#2594,.F.);
#2596=ORIENTED_EDGE('',*,*,#2578,.F.);
#2597=ORIENTED_EDGE('',*,*,#2551,.T.);
#2598=ORIENTED_EDGE('',*,*,#2558,.T.);
#2599=EDGE_LOOP('',(#2579,#2588,#2595,#2596,#2597,#2598));
#2600=FACE_BOUND('',#2599,.T.);
#2601=ADVANCED_FACE('',(#2600),#2571,.T.);
#2602=CARTESIAN_POINT('',(0.,0.,-0.85));
#2603=DIRECTION('',(0.,0.,1.));
#2604=DIRECTION('',(1.,0.,0.));
#2605=AXIS2_PLACEMENT_3D('',#2602,#2603,#2604);
#2606=PLANE('',#2605);
#2607=ORIENTED_EDGE('',*,*,#2587,.T.);
#2608=ORIENTED_EDGE('',*,*,#2594,.T.);
#2609=EDGE_LOOP('',(#2607,#2608));
#2610=FACE_BOUND('',#2609,.T.);
#2611=ADVANCED_FACE('',(#2610),#2606,.T.);
#2612=CARTESIAN_POINT('',(-25.999992246,1.987319631,-1.65));
#2613=DIRECTION('',(0.,0.,-1.));
#2614=DIRECTION('',(-1.,0.,0.));
#2615=AXIS2_PLACEMENT_3D('',#2612,#2613,#2614);
#2616=CYLINDRICAL_SURFACE('',#2615,1.5);
#2617=CARTESIAN_POINT('',(-27.499992246,1.987319631,-1.65));
#2618=VERTEX_POINT('',#2617);
#2619=CARTESIAN_POINT('',(-27.499992246,1.987319631,-3.7));
#2620=DIRECTION('',(-0.,-0.,1.));
#2621=VECTOR('',#2620,2.05);
#2622=LINE('',#2619,#2621);
#2623=EDGE_CURVE('',#1001,#2618,#2622,.T.);
#2624=ORIENTED_EDGE('',*,*,#2623,.T.);
#2625=CARTESIAN_POINT('',(-24.499992246,1.987319631,-1.65));
#2626=VERTEX_POINT('',#2625);
#2627=CARTESIAN_POINT('',(-25.999992246,1.987319631,-1.65));
#2628=DIRECTION('',(0.,0.,1.));
#2629=DIRECTION('',(1.,0.,-0.));
#2630=AXIS2_PLACEMENT_3D('',#2627,#2628,#2629);
#2631=CIRCLE('',#2630,1.5);
#2632=EDGE_CURVE('',#2626,#2618,#2631,.T.);
#2633=ORIENTED_EDGE('',*,*,#2632,.F.);
#2634=CARTESIAN_POINT('',(-25.999992246,1.987319631,-1.65));
#2635=DIRECTION('',(0.,0.,1.));
#2636=DIRECTION('',(1.,0.,-0.));
#2637=AXIS2_PLACEMENT_3D('',#2634,#2635,#2636);
#2638=CIRCLE('',#2637,1.5);
#2639=EDGE_CURVE('',#2618,#2626,#2638,.T.);
#2640=ORIENTED_EDGE('',*,*,#2639,.F.);
#2641=ORIENTED_EDGE('',*,*,#2623,.F.);
#2642=ORIENTED_EDGE('',*,*,#1007,.T.);
#2643=EDGE_LOOP('',(#2624,#2633,#2640,#2641,#2642));
#2644=FACE_BOUND('',#2643,.T.);
#2645=ADVANCED_FACE('',(#2644),#2616,.T.);
#2646=CARTESIAN_POINT('',(0.,0.,-1.65));
#2647=DIRECTION('',(0.,0.,1.));
#2648=DIRECTION('',(1.,0.,0.));
#2649=AXIS2_PLACEMENT_3D('',#2646,#2647,#2648);
#2650=PLANE('',#2649);
#2651=CARTESIAN_POINT('',(-26.999992246,1.987319631,-1.65));
#2652=VERTEX_POINT('',#2651);
#2653=CARTESIAN_POINT('',(-24.999992246,1.987319631,-1.65));
#2654=VERTEX_POINT('',#2653);
#2655=CARTESIAN_POINT('',(-25.999992246,1.987319631,-1.65));
#2656=DIRECTION('',(0.,0.,1.));
#2657=DIRECTION('',(1.,0.,-0.));
#2658=AXIS2_PLACEMENT_3D('',#2655,#2656,#2657);
#2659=CIRCLE('',#2658,1.);
#2660=EDGE_CURVE('',#2652,#2654,#2659,.T.);
#2661=ORIENTED_EDGE('',*,*,#2660,.F.);
#2662=CARTESIAN_POINT('',(-25.999992246,1.987319631,-1.65));
#2663=DIRECTION('',(0.,0.,1.));
#2664=DIRECTION('',(1.,0.,-0.));
#2665=AXIS2_PLACEMENT_3D('',#2662,#2663,#2664);
#2666=CIRCLE('',#2665,1.);
#2667=EDGE_CURVE('',#2654,#2652,#2666,.T.);
#2668=ORIENTED_EDGE('',*,*,#2667,.F.);
#2669=EDGE_LOOP('',(#2661,#2668));
#2670=FACE_BOUND('',#2669,.T.);
#2671=ORIENTED_EDGE('',*,*,#2632,.T.);
#2672=ORIENTED_EDGE('',*,*,#2639,.T.);
#2673=EDGE_LOOP('',(#2671,#2672));
#2674=FACE_BOUND('',#2673,.T.);
#2675=ADVANCED_FACE('',(#2670,#2674),#2650,.T.);
#2676=CARTESIAN_POINT('',(0.,0.,-0.85));
#2677=DIRECTION('',(0.,0.,1.));
#2678=DIRECTION('',(1.,0.,0.));
#2679=AXIS2_PLACEMENT_3D('',#2676,#2677,#2678);
#2680=PLANE('',#2679);
#2681=CARTESIAN_POINT('',(-24.999992246,1.987319631,-0.85));
#2682=VERTEX_POINT('',#2681);
#2683=CARTESIAN_POINT('',(-26.999992246,1.987319631,-0.85));
#2684=VERTEX_POINT('',#2683);
#2685=CARTESIAN_POINT('',(-25.999992246,1.987319631,-0.85));
#2686=DIRECTION('',(0.,0.,1.));
#2687=DIRECTION('',(1.,0.,-0.));
#2688=AXIS2_PLACEMENT_3D('',#2685,#2686,#2687);
#2689=CIRCLE('',#2688,1.);
#2690=EDGE_CURVE('',#2682,#2684,#2689,.T.);
#2691=ORIENTED_EDGE('',*,*,#2690,.T.);
#2692=CARTESIAN_POINT('',(-25.999992246,1.987319631,-0.85));
#2693=DIRECTION('',(0.,0.,1.));
#2694=DIRECTION('',(1.,0.,-0.));
#2695=AXIS2_PLACEMENT_3D('',#2692,#2693,#2694);
#2696=CIRCLE('',#2695,1.);
#2697=EDGE_CURVE('',#2684,#2682,#2696,.T.);
#2698=ORIENTED_EDGE('',*,*,#2697,.T.);
#2699=EDGE_LOOP('',(#2691,#2698));
#2700=FACE_BOUND('',#2699,.T.);
#2701=ADVANCED_FACE('',(#2700),#2680,.T.);
#2702=CARTESIAN_POINT('',(-25.999992246,1.987319631,-0.85));
#2703=DIRECTION('',(0.,0.,-1.));
#2704=DIRECTION('',(-1.,0.,0.));
#2705=AXIS2_PLACEMENT_3D('',#2702,#2703,#2704);
#2706=CYLINDRICAL_SURFACE('',#2705,1.);
#2707=CARTESIAN_POINT('',(-26.999992246,1.987319631,-1.65));
#2708=DIRECTION('',(-0.,-0.,1.));
#2709=VECTOR('',#2708,0.8);
#2710=LINE('',#2707,#2709);
#2711=EDGE_CURVE('',#2652,#2684,#2710,.T.);
#2712=ORIENTED_EDGE('',*,*,#2711,.T.);
#2713=ORIENTED_EDGE('',*,*,#2690,.F.);
#2714=ORIENTED_EDGE('',*,*,#2697,.F.);
#2715=ORIENTED_EDGE('',*,*,#2711,.F.);
#2716=ORIENTED_EDGE('',*,*,#2660,.T.);
#2717=ORIENTED_EDGE('',*,*,#2667,.T.);
#2718=EDGE_LOOP('',(#2712,#2713,#2714,#2715,#2716,#2717));
#2719=FACE_BOUND('',#2718,.T.);
#2720=ADVANCED_FACE('',(#2719),#2706,.T.);
#2721=CARTESIAN_POINT('',(26.000007754,1.987319631,-1.65));
#2722=DIRECTION('',(0.,0.,-1.));
#2723=DIRECTION('',(-1.,0.,0.));
#2724=AXIS2_PLACEMENT_3D('',#2721,#2722,#2723);
#2725=CYLINDRICAL_SURFACE('',#2724,1.5);
#2726=CARTESIAN_POINT('',(24.500007754,1.987319631,-1.65));
#2727=VERTEX_POINT('',#2726);
#2728=CARTESIAN_POINT('',(24.500007754,1.987319631,-3.7));
#2729=DIRECTION('',(-0.,-0.,1.));
#2730=VECTOR('',#2729,2.05);
#2731=LINE('',#2728,#2730);
#2732=EDGE_CURVE('',#1012,#2727,#2731,.T.);
#2733=ORIENTED_EDGE('',*,*,#2732,.T.);
#2734=CARTESIAN_POINT('',(27.500007754,1.987319631,-1.65));
#2735=VERTEX_POINT('',#2734);
#2736=CARTESIAN_POINT('',(26.000007754,1.987319631,-1.65));
#2737=DIRECTION('',(0.,0.,1.));
#2738=DIRECTION('',(1.,0.,-0.));
#2739=AXIS2_PLACEMENT_3D('',#2736,#2737,#2738);
#2740=CIRCLE('',#2739,1.5);
#2741=EDGE_CURVE('',#2735,#2727,#2740,.T.);
#2742=ORIENTED_EDGE('',*,*,#2741,.F.);
#2743=CARTESIAN_POINT('',(26.000007754,1.987319631,-1.65));
#2744=DIRECTION('',(0.,0.,1.));
#2745=DIRECTION('',(1.,0.,-0.));
#2746=AXIS2_PLACEMENT_3D('',#2743,#2744,#2745);
#2747=CIRCLE('',#2746,1.5);
#2748=EDGE_CURVE('',#2727,#2735,#2747,.T.);
#2749=ORIENTED_EDGE('',*,*,#2748,.F.);
#2750=ORIENTED_EDGE('',*,*,#2732,.F.);
#2751=ORIENTED_EDGE('',*,*,#1018,.T.);
#2752=EDGE_LOOP('',(#2733,#2742,#2749,#2750,#2751));
#2753=FACE_BOUND('',#2752,.T.);
#2754=ADVANCED_FACE('',(#2753),#2725,.T.);
#2755=CARTESIAN_POINT('',(0.,0.,-1.65));
#2756=DIRECTION('',(0.,0.,1.));
#2757=DIRECTION('',(1.,0.,0.));
#2758=AXIS2_PLACEMENT_3D('',#2755,#2756,#2757);
#2759=PLANE('',#2758);
#2760=CARTESIAN_POINT('',(25.000007754,1.987319631,-1.65));
#2761=VERTEX_POINT('',#2760);
#2762=CARTESIAN_POINT('',(27.000007754,1.987319631,-1.65));
#2763=VERTEX_POINT('',#2762);
#2764=CARTESIAN_POINT('',(26.000007754,1.987319631,-1.65));
#2765=DIRECTION('',(0.,0.,1.));
#2766=DIRECTION('',(1.,0.,-0.));
#2767=AXIS2_PLACEMENT_3D('',#2764,#2765,#2766);
#2768=CIRCLE('',#2767,1.);
#2769=EDGE_CURVE('',#2761,#2763,#2768,.T.);
#2770=ORIENTED_EDGE('',*,*,#2769,.F.);
#2771=CARTESIAN_POINT('',(26.000007754,1.987319631,-1.65));
#2772=DIRECTION('',(0.,0.,1.));
#2773=DIRECTION('',(1.,0.,-0.));
#2774=AXIS2_PLACEMENT_3D('',#2771,#2772,#2773);
#2775=CIRCLE('',#2774,1.);
#2776=EDGE_CURVE('',#2763,#2761,#2775,.T.);
#2777=ORIENTED_EDGE('',*,*,#2776,.F.);
#2778=EDGE_LOOP('',(#2770,#2777));
#2779=FACE_BOUND('',#2778,.T.);
#2780=ORIENTED_EDGE('',*,*,#2741,.T.);
#2781=ORIENTED_EDGE('',*,*,#2748,.T.);
#2782=EDGE_LOOP('',(#2780,#2781));
#2783=FACE_BOUND('',#2782,.T.);
#2784=ADVANCED_FACE('',(#2779,#2783),#2759,.T.);
#2785=CARTESIAN_POINT('',(0.,0.,-0.85));
#2786=DIRECTION('',(0.,0.,1.));
#2787=DIRECTION('',(1.,0.,0.));
#2788=AXIS2_PLACEMENT_3D('',#2785,#2786,#2787);
#2789=PLANE('',#2788);
#2790=CARTESIAN_POINT('',(27.000007754,1.987319631,-0.85));
#2791=VERTEX_POINT('',#2790);
#2792=CARTESIAN_POINT('',(25.000007754,1.987319631,-0.85));
#2793=VERTEX_POINT('',#2792);
#2794=CARTESIAN_POINT('',(26.000007754,1.987319631,-0.85));
#2795=DIRECTION('',(0.,0.,1.));
#2796=DIRECTION('',(1.,0.,-0.));
#2797=AXIS2_PLACEMENT_3D('',#2794,#2795,#2796);
#2798=CIRCLE('',#2797,1.);
#2799=EDGE_CURVE('',#2791,#2793,#2798,.T.);
#2800=ORIENTED_EDGE('',*,*,#2799,.T.);
#2801=CARTESIAN_POINT('',(26.000007754,1.987319631,-0.85));
#2802=DIRECTION('',(0.,0.,1.));
#2803=DIRECTION('',(1.,0.,-0.));
#2804=AXIS2_PLACEMENT_3D('',#2801,#2802,#2803);
#2805=CIRCLE('',#2804,1.);
#2806=EDGE_CURVE('',#2793,#2791,#2805,.T.);
#2807=ORIENTED_EDGE('',*,*,#2806,.T.);
#2808=EDGE_LOOP('',(#2800,#2807));
#2809=FACE_BOUND('',#2808,.T.);
#2810=ADVANCED_FACE('',(#2809),#2789,.T.);
#2811=CARTESIAN_POINT('',(26.000007754,1.987319631,-0.85));
#2812=DIRECTION('',(0.,0.,-1.));
#2813=DIRECTION('',(-1.,0.,0.));
#2814=AXIS2_PLACEMENT_3D('',#2811,#2812,#2813);
#2815=CYLINDRICAL_SURFACE('',#2814,1.);
#2816=CARTESIAN_POINT('',(25.000007754,1.987319631,-1.65));
#2817=DIRECTION('',(-0.,-0.,1.));
#2818=VECTOR('',#2817,0.8);
#2819=LINE('',#2816,#2818);
#2820=EDGE_CURVE('',#2761,#2793,#2819,.T.);
#2821=ORIENTED_EDGE('',*,*,#2820,.T.);
#2822=ORIENTED_EDGE('',*,*,#2799,.F.);
#2823=ORIENTED_EDGE('',*,*,#2806,.F.);
#2824=ORIENTED_EDGE('',*,*,#2820,.F.);
#2825=ORIENTED_EDGE('',*,*,#2769,.T.);
#2826=ORIENTED_EDGE('',*,*,#2776,.T.);
#2827=EDGE_LOOP('',(#2821,#2822,#2823,#2824,#2825,#2826));
#2828=FACE_BOUND('',#2827,.T.);
#2829=ADVANCED_FACE('',(#2828),#2815,.T.);
#2830=CARTESIAN_POINT('',(0.,-0.73,-3.7));
#2831=DIRECTION('',(0.,1.,0.));
#2832=DIRECTION('',(0.,0.,1.));
#2833=AXIS2_PLACEMENT_3D('',#2830,#2831,#2832);
#2834=PLANE('',#2833);
#2835=CARTESIAN_POINT('',(13.,-0.73,0.3));
#2836=DIRECTION('',(-0.,-0.,-1.));
#2837=VECTOR('',#2836,4.);
#2838=LINE('',#2835,#2837);
#2839=EDGE_CURVE('',#118,#696,#2838,.T.);
#2840=ORIENTED_EDGE('',*,*,#2839,.T.);
#2841=ORIENTED_EDGE('',*,*,#703,.T.);
#2842=CARTESIAN_POINT('',(-13.,-0.73,-3.7));
#2843=DIRECTION('',(0.,0.,1.));
#2844=VECTOR('',#2843,4.);
#2845=LINE('',#2842,#2844);
#2846=EDGE_CURVE('',#698,#127,#2845,.T.);
#2847=ORIENTED_EDGE('',*,*,#2846,.T.);
#2848=ORIENTED_EDGE('',*,*,#132,.F.);
#2849=EDGE_LOOP('',(#2840,#2841,#2847,#2848));
#2850=FACE_BOUND('',#2849,.T.);
#2851=ADVANCED_FACE('',(#2850),#2834,.T.);
#2852=CARTESIAN_POINT('',(-24.790642554,5.380969618,-4.1));
#2853=DIRECTION('',(0.001784031,-0.999998409,0.));
#2854=DIRECTION('',(0.999998409,0.001784031,0.));
#2855=AXIS2_PLACEMENT_3D('',#2852,#2853,#2854);
#2856=PLANE('',#2855);
#2857=ORIENTED_EDGE('',*,*,#853,.T.);
#2858=CARTESIAN_POINT('',(-21.231285108,5.387319631,-4.1));
#2859=VERTEX_POINT('',#2858);
#2860=CARTESIAN_POINT('',(-21.231285108,5.387319631,-4.1));
#2861=DIRECTION('',(0.,0.,1.));
#2862=VECTOR('',#2861,0.4);
#2863=LINE('',#2860,#2862);
#2864=EDGE_CURVE('',#2859,#814,#2863,.T.);
#2865=ORIENTED_EDGE('',*,*,#2864,.F.);
#2866=CARTESIAN_POINT('',(-28.35,5.374619606,-4.1));
#2867=DIRECTION('',(0.999998409,0.001784031,0.));
#2868=VECTOR('',#2867,7.11872622);
#2869=LINE('',#2866,#2868);
#2870=EDGE_CURVE('',#1834,#2859,#2869,.T.);
#2871=ORIENTED_EDGE('',*,*,#2870,.F.);
#2872=ORIENTED_EDGE('',*,*,#1839,.T.);
#2873=EDGE_LOOP('',(#2857,#2865,#2871,#2872));
#2874=FACE_BOUND('',#2873,.T.);
#2875=ADVANCED_FACE('',(#2874),#2856,.F.);
#2876=CARTESIAN_POINT('',(-21.231285108,9.987319631,-4.1));
#2877=DIRECTION('',(1.,0.,0.));
#2878=DIRECTION('',(0.,0.,-1.));
#2879=AXIS2_PLACEMENT_3D('',#2876,#2877,#2878);
#2880=PLANE('',#2879);
#2881=ORIENTED_EDGE('',*,*,#819,.T.);
#2882=CARTESIAN_POINT('',(-21.231285108,14.587319631,-4.1));
#2883=VERTEX_POINT('',#2882);
#2884=CARTESIAN_POINT('',(-21.231285108,14.587319631,-4.1));
#2885=DIRECTION('',(0.,0.,1.));
#2886=VECTOR('',#2885,0.4);
#2887=LINE('',#2884,#2886);
#2888=EDGE_CURVE('',#2883,#789,#2887,.T.);
#2889=ORIENTED_EDGE('',*,*,#2888,.F.);
#2890=CARTESIAN_POINT('',(-21.231285108,5.387319631,-4.1));
#2891=DIRECTION('',(0.,1.,0.));
#2892=VECTOR('',#2891,9.2);
#2893=LINE('',#2890,#2892);
#2894=EDGE_CURVE('',#2859,#2883,#2893,.T.);
#2895=ORIENTED_EDGE('',*,*,#2894,.F.);
#2896=ORIENTED_EDGE('',*,*,#2864,.T.);
#2897=EDGE_LOOP('',(#2881,#2889,#2895,#2896));
#2898=FACE_BOUND('',#2897,.T.);
#2899=ADVANCED_FACE('',(#2898),#2880,.F.);
#2900=CARTESIAN_POINT('',(-24.790642554,14.593669644,-4.1));
#2901=DIRECTION('',(0.001784031,0.999998409,0.));
#2902=DIRECTION('',(-0.999998409,0.001784031,0.));
#2903=AXIS2_PLACEMENT_3D('',#2900,#2901,#2902);
#2904=PLANE('',#2903);
#2905=ORIENTED_EDGE('',*,*,#794,.T.);
#2906=ORIENTED_EDGE('',*,*,#1853,.F.);
#2907=CARTESIAN_POINT('',(-21.231285108,14.587319631,-4.1));
#2908=DIRECTION('',(-0.999998409,0.001784031,0.));
#2909=VECTOR('',#2908,7.11872622);
#2910=LINE('',#2907,#2909);
#2911=EDGE_CURVE('',#2883,#1842,#2910,.T.);
#2912=ORIENTED_EDGE('',*,*,#2911,.F.);
#2913=ORIENTED_EDGE('',*,*,#2888,.T.);
#2914=EDGE_LOOP('',(#2905,#2906,#2912,#2913));
#2915=FACE_BOUND('',#2914,.T.);
#2916=ADVANCED_FACE('',(#2915),#2904,.F.);
#2917=CARTESIAN_POINT('',(0.,0.,-4.1));
#2918=DIRECTION('',(0.,0.,1.));
#2919=DIRECTION('',(1.,0.,0.));
#2920=AXIS2_PLACEMENT_3D('',#2917,#2918,#2919);
#2921=PLANE('',#2920);
#2922=ORIENTED_EDGE('',*,*,#2870,.T.);
#2923=ORIENTED_EDGE('',*,*,#2894,.T.);
#2924=ORIENTED_EDGE('',*,*,#2911,.T.);
#2925=ORIENTED_EDGE('',*,*,#1847,.T.);
#2926=EDGE_LOOP('',(#2922,#2923,#2924,#2925));
#2927=FACE_BOUND('',#2926,.T.);
#2928=ADVANCED_FACE('',(#2927),#2921,.T.);
#2929=CARTESIAN_POINT('',(-33.35,14.457319631,-2.430023881));
#2930=DIRECTION('',(0.,-1.,0.));
#2931=DIRECTION('',(1.,0.,0.));
#2932=AXIS2_PLACEMENT_3D('',#2929,#2930,#2931);
#2933=PLANE('',#2932);
#2934=ORIENTED_EDGE('',*,*,#398,.T.);
#2935=CARTESIAN_POINT('',(-29.85,14.457319631,-2.760023881));
#2936=DIRECTION('',(1.,0.,0.));
#2937=VECTOR('',#2936,1.5);
#2938=LINE('',#2935,#2937);
#2939=EDGE_CURVE('',#384,#2002,#2938,.T.);
#2940=ORIENTED_EDGE('',*,*,#2939,.T.);
#2941=ORIENTED_EDGE('',*,*,#2007,.F.);
#2942=CARTESIAN_POINT('',(-29.85,14.457319631,-2.100023881));
#2943=DIRECTION('',(1.,0.,0.));
#2944=VECTOR('',#2943,1.5);
#2945=LINE('',#2942,#2944);
#2946=EDGE_CURVE('',#393,#1993,#2945,.T.);
#2947=ORIENTED_EDGE('',*,*,#2946,.F.);
#2948=EDGE_LOOP('',(#2934,#2940,#2941,#2947));
#2949=FACE_BOUND('',#2948,.T.);
#2950=ADVANCED_FACE('',(#2949),#2933,.T.);
#2951=CARTESIAN_POINT('',(-33.35,13.207319631,-2.100023881));
#2952=DIRECTION('',(1.,0.,0.));
#2953=DIRECTION('',(-0.,1.,0.));
#2954=AXIS2_PLACEMENT_3D('',#2951,#2952,#2953);
#2955=CYLINDRICAL_SURFACE('',#2954,1.25);
#2956=ORIENTED_EDGE('',*,*,#2946,.T.);
#2957=ORIENTED_EDGE('',*,*,#1999,.T.);
#2958=CARTESIAN_POINT('',(-29.85,13.207319631,-0.850023881));
#2959=DIRECTION('',(1.,0.,0.));
#2960=VECTOR('',#2959,1.5);
#2961=LINE('',#2958,#2960);
#2962=EDGE_CURVE('',#401,#1985,#2961,.T.);
#2963=ORIENTED_EDGE('',*,*,#2962,.F.);
#2964=ORIENTED_EDGE('',*,*,#407,.F.);
#2965=EDGE_LOOP('',(#2956,#2957,#2963,#2964));
#2966=FACE_BOUND('',#2965,.T.);
#2967=ADVANCED_FACE('',(#2966),#2955,.F.);
#2968=CARTESIAN_POINT('',(-33.35,9.987319631,-0.850023881));
#2969=DIRECTION('',(0.,0.,-1.));
#2970=DIRECTION('',(-1.,0.,0.));
#2971=AXIS2_PLACEMENT_3D('',#2968,#2969,#2970);
#2972=PLANE('',#2971);
#2973=ORIENTED_EDGE('',*,*,#415,.T.);
#2974=ORIENTED_EDGE('',*,*,#2962,.T.);
#2975=ORIENTED_EDGE('',*,*,#1990,.F.);
#2976=CARTESIAN_POINT('',(-29.85,6.767319631,-0.850023881));
#2977=DIRECTION('',(1.,0.,0.));
#2978=VECTOR('',#2977,1.5);
#2979=LINE('',#2976,#2978);
#2980=EDGE_CURVE('',#410,#1976,#2979,.T.);
#2981=ORIENTED_EDGE('',*,*,#2980,.F.);
#2982=EDGE_LOOP('',(#2973,#2974,#2975,#2981));
#2983=FACE_BOUND('',#2982,.T.);
#2984=ADVANCED_FACE('',(#2983),#2972,.T.);
#2985=CARTESIAN_POINT('',(-33.35,6.767319631,-2.100023881));
#2986=DIRECTION('',(1.,0.,0.));
#2987=DIRECTION('',(-0.,1.,0.));
#2988=AXIS2_PLACEMENT_3D('',#2985,#2986,#2987);
#2989=CYLINDRICAL_SURFACE('',#2988,1.25);
#2990=ORIENTED_EDGE('',*,*,#2980,.T.);
#2991=ORIENTED_EDGE('',*,*,#1982,.T.);
#2992=CARTESIAN_POINT('',(-29.85,5.517319631,-2.100023881));
#2993=DIRECTION('',(1.,0.,0.));
#2994=VECTOR('',#2993,1.5);
#2995=LINE('',#2992,#2994);
#2996=EDGE_CURVE('',#418,#1968,#2995,.T.);
#2997=ORIENTED_EDGE('',*,*,#2996,.F.);
#2998=ORIENTED_EDGE('',*,*,#424,.F.);
#2999=EDGE_LOOP('',(#2990,#2991,#2997,#2998));
#3000=FACE_BOUND('',#2999,.T.);
#3001=ADVANCED_FACE('',(#3000),#2989,.F.);
#3002=CARTESIAN_POINT('',(-33.35,5.517319631,-2.430023881));
#3003=DIRECTION('',(-0.,1.,0.));
#3004=DIRECTION('',(-1.,-0.,0.));
#3005=AXIS2_PLACEMENT_3D('',#3002,#3003,#3004);
#3006=PLANE('',#3005);
#3007=ORIENTED_EDGE('',*,*,#432,.T.);
#3008=ORIENTED_EDGE('',*,*,#2996,.T.);
#3009=ORIENTED_EDGE('',*,*,#1973,.F.);
#3010=CARTESIAN_POINT('',(-29.85,5.517319631,-2.760023881));
#3011=DIRECTION('',(1.,0.,0.));
#3012=VECTOR('',#3011,1.5);
#3013=LINE('',#3010,#3012);
#3014=EDGE_CURVE('',#427,#1959,#3013,.T.);
#3015=ORIENTED_EDGE('',*,*,#3014,.F.);
#3016=EDGE_LOOP('',(#3007,#3008,#3009,#3015));
#3017=FACE_BOUND('',#3016,.T.);
#3018=ADVANCED_FACE('',(#3017),#3006,.T.);
#3019=CARTESIAN_POINT('',(-33.35,6.767319631,-2.760023881));
#3020=DIRECTION('',(1.,0.,0.));
#3021=DIRECTION('',(-0.,1.,0.));
#3022=AXIS2_PLACEMENT_3D('',#3019,#3020,#3021);
#3023=CYLINDRICAL_SURFACE('',#3022,1.25);
#3024=ORIENTED_EDGE('',*,*,#1965,.T.);
#3025=CARTESIAN_POINT('',(-29.83774455,6.767319631,-4.010023881));
#3026=VERTEX_POINT('',#3025);
#3027=CARTESIAN_POINT('',(-29.83774455,6.767319631,-4.010023881));
#3028=DIRECTION('',(1.,0.,0.));
#3029=VECTOR('',#3028,1.48774455);
#3030=LINE('',#3027,#3029);
#3031=EDGE_CURVE('',#3026,#1949,#3030,.T.);
#3032=ORIENTED_EDGE('',*,*,#3031,.F.);
#3033=CARTESIAN_POINT('',(-29.83774455,6.767319631,-4.010023881));
#3034=CARTESIAN_POINT('',(-29.83774455,6.67854273,-4.010023881));
#3035=CARTESIAN_POINT('',(-29.840111599,6.591394901,-4.000676032));
#3036=CARTESIAN_POINT('',(-29.843171119,6.505770201,-3.982354399));
#3037=CARTESIAN_POINT('',(-29.84623064,6.420145502,-3.964032766));
#3038=CARTESIAN_POINT('',(-29.85,6.335468667,-3.936408858));
#3039=CARTESIAN_POINT('',(-29.85,6.254528789,-3.9));
#3040=B_SPLINE_CURVE_WITH_KNOTS('',3,(#3033,#3034,#3035,#3036,#3037,#3038,#3039),.UNSPECIFIED.,.F.,.F.,(4,3,4),(0.,0.000262576,0.000525152),.UNSPECIFIED.);
#3041=EDGE_CURVE('',#3026,#435,#3040,.T.);
#3042=ORIENTED_EDGE('',*,*,#3041,.T.);
#3043=ORIENTED_EDGE('',*,*,#441,.F.);
#3044=ORIENTED_EDGE('',*,*,#3014,.T.);
#3045=EDGE_LOOP('',(#3024,#3032,#3042,#3043,#3044));
#3046=FACE_BOUND('',#3045,.T.);
#3047=ADVANCED_FACE('',(#3046),#3023,.F.);
#3048=CARTESIAN_POINT('',(-33.35,9.987319631,-4.010023881));
#3049=DIRECTION('',(0.,0.,-1.));
#3050=DIRECTION('',(-1.,0.,0.));
#3051=AXIS2_PLACEMENT_3D('',#3048,#3049,#3050);
#3052=PLANE('',#3051);
#3053=CARTESIAN_POINT('',(-29.83774455,13.207319631,-4.010023881));
#3054=VERTEX_POINT('',#3053);
#3055=CARTESIAN_POINT('',(-29.83774455,13.207319631,-4.010023881));
#3056=DIRECTION('',(1.,0.,0.));
#3057=VECTOR('',#3056,1.48774455);
#3058=LINE('',#3055,#3057);
#3059=EDGE_CURVE('',#3054,#1951,#3058,.T.);
#3060=ORIENTED_EDGE('',*,*,#3059,.F.);
#3061=CARTESIAN_POINT('',(-29.83774455,13.207319631,-4.010023881));
#3062=DIRECTION('',(0.,-1.,0.));
#3063=VECTOR('',#3062,6.44);
#3064=LINE('',#3061,#3063);
#3065=EDGE_CURVE('',#3054,#3026,#3064,.T.);
#3066=ORIENTED_EDGE('',*,*,#3065,.T.);
#3067=ORIENTED_EDGE('',*,*,#3031,.T.);
#3068=ORIENTED_EDGE('',*,*,#1956,.T.);
#3069=EDGE_LOOP('',(#3060,#3066,#3067,#3068));
#3070=FACE_BOUND('',#3069,.T.);
#3071=ADVANCED_FACE('',(#3070),#3052,.F.);
#3072=CARTESIAN_POINT('',(-33.35,13.207319631,-2.760023881));
#3073=DIRECTION('',(1.,0.,0.));
#3074=DIRECTION('',(-0.,1.,0.));
#3075=AXIS2_PLACEMENT_3D('',#3072,#3073,#3074);
#3076=CYLINDRICAL_SURFACE('',#3075,1.25);
#3077=ORIENTED_EDGE('',*,*,#2939,.F.);
#3078=ORIENTED_EDGE('',*,*,#390,.F.);
#3079=CARTESIAN_POINT('',(-29.85,13.720110473,-3.9));
#3080=CARTESIAN_POINT('',(-29.85,13.63914926,-3.936418455));
#3081=CARTESIAN_POINT('',(-29.84628554,13.555872631,-3.963634546));
#3082=CARTESIAN_POINT('',(-29.843221074,13.470265824,-3.982054691));
#3083=CARTESIAN_POINT('',(-29.840156608,13.384659017,-4.000474835));
#3084=CARTESIAN_POINT('',(-29.83774455,13.296064792,-4.010023881));
#3085=CARTESIAN_POINT('',(-29.83774455,13.207319631,-4.010023881));
#3086=B_SPLINE_CURVE_WITH_KNOTS('',3,(#3079,#3080,#3081,#3082,#3083,#3084,#3085),.UNSPECIFIED.,.F.,.F.,(4,3,4),(0.,0.000262584,0.000525167),.UNSPECIFIED.);
#3087=EDGE_CURVE('',#382,#3054,#3086,.T.);
#3088=ORIENTED_EDGE('',*,*,#3087,.T.);
#3089=ORIENTED_EDGE('',*,*,#3059,.T.);
#3090=ORIENTED_EDGE('',*,*,#2014,.T.);
#3091=EDGE_LOOP('',(#3077,#3078,#3088,#3089,#3090));
#3092=FACE_BOUND('',#3091,.T.);
#3093=ADVANCED_FACE('',(#3092),#3076,.F.);
#3094=CARTESIAN_POINT('',(23.499988044,15.677342662,-4.2));
#3095=DIRECTION('',(-0.999999993,0.000119506,0.));
#3096=DIRECTION('',(-0.000119506,-0.999999993,0.));
#3097=AXIS2_PLACEMENT_3D('',#3094,#3095,#3096);
#3098=PLANE('',#3097);
#3099=ORIENTED_EDGE('',*,*,#904,.F.);
#3100=CARTESIAN_POINT('',(23.5,15.777384486,-4.1));
#3101=VERTEX_POINT('',#3100);
#3102=CARTESIAN_POINT('',(23.5,15.777384486,-4.1));
#3103=DIRECTION('',(0.,0.,1.));
#3104=VECTOR('',#3103,0.4);
#3105=LINE('',#3102,#3104);
#3106=EDGE_CURVE('',#3101,#891,#3105,.T.);
#3107=ORIENTED_EDGE('',*,*,#3106,.F.);
#3108=CARTESIAN_POINT('',(23.499892446,14.8774,-4.1));
#3109=VERTEX_POINT('',#3108);
#3110=CARTESIAN_POINT('',(23.5,15.777384486,-4.1));
#3111=DIRECTION('',(-0.000119506,-0.999999993,0.));
#3112=VECTOR('',#3111,0.899984492);
#3113=LINE('',#3110,#3112);
#3114=EDGE_CURVE('',#3101,#3109,#3113,.T.);
#3115=ORIENTED_EDGE('',*,*,#3114,.T.);
#3116=CARTESIAN_POINT('',(23.499892446,14.8774,-4.1));
#3117=DIRECTION('',(0.,0.,1.));
#3118=VECTOR('',#3117,0.4);
#3119=LINE('',#3116,#3118);
#3120=EDGE_CURVE('',#3109,#899,#3119,.T.);
#3121=ORIENTED_EDGE('',*,*,#3120,.T.);
#3122=EDGE_LOOP('',(#3099,#3107,#3115,#3121));
#3123=FACE_BOUND('',#3122,.T.);
#3124=ADVANCED_FACE('',(#3123),#3098,.T.);
#3125=CARTESIAN_POINT('',(23.5,22.352426311,-4.2));
#3126=DIRECTION('',(1.,0.,0.));
#3127=DIRECTION('',(0.,0.,-1.));
#3128=AXIS2_PLACEMENT_3D('',#3125,#3126,#3127);
#3129=PLANE('',#3128);
#3130=ORIENTED_EDGE('',*,*,#896,.T.);
#3131=CARTESIAN_POINT('',(23.5,28.927493549,-4.1));
#3132=VERTEX_POINT('',#3131);
#3133=CARTESIAN_POINT('',(23.5,28.927493549,-4.1));
#3134=DIRECTION('',(0.,0.,1.));
#3135=VECTOR('',#3134,0.4);
#3136=LINE('',#3133,#3135);
#3137=EDGE_CURVE('',#3132,#881,#3136,.T.);
#3138=ORIENTED_EDGE('',*,*,#3137,.F.);
#3139=CARTESIAN_POINT('',(23.5,15.777384486,-4.1));
#3140=DIRECTION('',(0.,1.,0.));
#3141=VECTOR('',#3140,13.150109063);
#3142=LINE('',#3139,#3141);
#3143=EDGE_CURVE('',#3101,#3132,#3142,.T.);
#3144=ORIENTED_EDGE('',*,*,#3143,.F.);
#3145=ORIENTED_EDGE('',*,*,#3106,.T.);
#3146=EDGE_LOOP('',(#3130,#3138,#3144,#3145));
#3147=FACE_BOUND('',#3146,.T.);
#3148=ADVANCED_FACE('',(#3147),#3129,.F.);
#3149=CARTESIAN_POINT('',(23.499980775,29.027560785,-4.2));
#3150=DIRECTION('',(0.999999982,0.000192116,0.));
#3151=DIRECTION('',(-0.000192116,0.999999982,0.));
#3152=AXIS2_PLACEMENT_3D('',#3149,#3150,#3151);
#3153=PLANE('',#3152);
#3154=ORIENTED_EDGE('',*,*,#888,.T.);
#3155=CARTESIAN_POINT('',(23.499827113,29.827399566,-4.1));
#3156=VERTEX_POINT('',#3155);
#3157=CARTESIAN_POINT('',(23.499827113,29.827399566,-4.1));
#3158=DIRECTION('',(0.,0.,1.));
#3159=VECTOR('',#3158,0.4);
#3160=LINE('',#3157,#3159);
#3161=EDGE_CURVE('',#3156,#883,#3160,.T.);
#3162=ORIENTED_EDGE('',*,*,#3161,.F.);
#3163=CARTESIAN_POINT('',(23.5,28.927493549,-4.1));
#3164=DIRECTION('',(-0.000192116,0.999999982,0.));
#3165=VECTOR('',#3164,0.899906034);
#3166=LINE('',#3163,#3165);
#3167=EDGE_CURVE('',#3132,#3156,#3166,.T.);
#3168=ORIENTED_EDGE('',*,*,#3167,.F.);
#3169=ORIENTED_EDGE('',*,*,#3137,.T.);
#3170=EDGE_LOOP('',(#3154,#3162,#3168,#3169));
#3171=FACE_BOUND('',#3170,.T.);
#3172=ADVANCED_FACE('',(#3171),#3153,.F.);
#3173=CARTESIAN_POINT('',(22.700013956,29.827399581,-4.2));
#3174=DIRECTION('',(0.000000018,1.,0.));
#3175=DIRECTION('',(-1.,0.000000018,0.));
#3176=AXIS2_PLACEMENT_3D('',#3173,#3174,#3175);
#3177=PLANE('',#3176);
#3178=ORIENTED_EDGE('',*,*,#974,.T.);
#3179=ORIENTED_EDGE('',*,*,#968,.T.);
#3180=ORIENTED_EDGE('',*,*,#960,.T.);
#3181=CARTESIAN_POINT('',(8.099890527,29.82739985,-4.1));
#3182=VERTEX_POINT('',#3181);
#3183=CARTESIAN_POINT('',(8.099890527,29.82739985,-4.1));
#3184=DIRECTION('',(0.,0.,1.));
#3185=VECTOR('',#3184,0.4);
#3186=LINE('',#3183,#3185);
#3187=EDGE_CURVE('',#3182,#947,#3186,.T.);
#3188=ORIENTED_EDGE('',*,*,#3187,.F.);
#3189=CARTESIAN_POINT('',(23.499827113,29.827399566,-4.1));
#3190=DIRECTION('',(-1.,0.000000018,0.));
#3191=VECTOR('',#3190,15.399936586);
#3192=LINE('',#3189,#3191);
#3193=EDGE_CURVE('',#3156,#3182,#3192,.T.);
#3194=ORIENTED_EDGE('',*,*,#3193,.F.);
#3195=ORIENTED_EDGE('',*,*,#3161,.T.);
#3196=EDGE_LOOP('',(#3178,#3179,#3180,#3188,#3194,#3195));
#3197=FACE_BOUND('',#3196,.T.);
#3198=ADVANCED_FACE('',(#3197),#3177,.F.);
#3199=CARTESIAN_POINT('',(8.099987842,29.027341164,-4.2));
#3200=DIRECTION('',(-0.999999993,-0.000121634,0.));
#3201=DIRECTION('',(0.000121634,-0.999999993,0.));
#3202=AXIS2_PLACEMENT_3D('',#3199,#3200,#3201);
#3203=PLANE('',#3202);
#3204=ORIENTED_EDGE('',*,*,#952,.T.);
#3205=CARTESIAN_POINT('',(8.1,28.927383737,-4.1));
#3206=VERTEX_POINT('',#3205);
#3207=CARTESIAN_POINT('',(8.1,28.927383737,-4.1));
#3208=DIRECTION('',(0.,0.,1.));
#3209=VECTOR('',#3208,0.4);
#3210=LINE('',#3207,#3209);
#3211=EDGE_CURVE('',#3206,#939,#3210,.T.);
#3212=ORIENTED_EDGE('',*,*,#3211,.F.);
#3213=CARTESIAN_POINT('',(8.099890527,29.82739985,-4.1));
#3214=DIRECTION('',(0.000121634,-0.999999993,0.));
#3215=VECTOR('',#3214,0.90001612);
#3216=LINE('',#3213,#3215);
#3217=EDGE_CURVE('',#3182,#3206,#3216,.T.);
#3218=ORIENTED_EDGE('',*,*,#3217,.F.);
#3219=ORIENTED_EDGE('',*,*,#3187,.T.);
#3220=EDGE_LOOP('',(#3204,#3212,#3218,#3219));
#3221=FACE_BOUND('',#3220,.T.);
#3222=ADVANCED_FACE('',(#3221),#3203,.F.);
#3223=CARTESIAN_POINT('',(8.1,22.352426311,-4.2));
#3224=DIRECTION('',(-1.,0.,0.));
#3225=DIRECTION('',(0.,0.,1.));
#3226=AXIS2_PLACEMENT_3D('',#3223,#3224,#3225);
#3227=PLANE('',#3226);
#3228=ORIENTED_EDGE('',*,*,#944,.T.);
#3229=ORIENTED_EDGE('',*,*,#936,.T.);
#3230=CARTESIAN_POINT('',(8.1,14.8774,-4.1));
#3231=VERTEX_POINT('',#3230);
#3232=CARTESIAN_POINT('',(8.1,14.8774,-4.1));
#3233=DIRECTION('',(0.,0.,1.));
#3234=VECTOR('',#3233,0.4);
#3235=LINE('',#3232,#3234);
#3236=EDGE_CURVE('',#3231,#923,#3235,.T.);
#3237=ORIENTED_EDGE('',*,*,#3236,.F.);
#3238=CARTESIAN_POINT('',(8.1,28.927383737,-4.1));
#3239=DIRECTION('',(0.,-1.,0.));
#3240=VECTOR('',#3239,14.049983737);
#3241=LINE('',#3238,#3240);
#3242=EDGE_CURVE('',#3206,#3231,#3241,.T.);
#3243=ORIENTED_EDGE('',*,*,#3242,.F.);
#3244=ORIENTED_EDGE('',*,*,#3211,.T.);
#3245=EDGE_LOOP('',(#3228,#3229,#3237,#3243,#3244));
#3246=FACE_BOUND('',#3245,.T.);
#3247=ADVANCED_FACE('',(#3246),#3227,.F.);
#3248=CARTESIAN_POINT('',(8.900033154,14.8774,-4.2));
#3249=DIRECTION('',(0.,1.,0.));
#3250=DIRECTION('',(0.,0.,1.));
#3251=AXIS2_PLACEMENT_3D('',#3248,#3249,#3250);
#3252=PLANE('',#3251);
#3253=ORIENTED_EDGE('',*,*,#912,.F.);
#3254=ORIENTED_EDGE('',*,*,#3120,.F.);
#3255=CARTESIAN_POINT('',(23.499892446,14.8774,-4.1));
#3256=DIRECTION('',(-1.,0.,0.));
#3257=VECTOR('',#3256,15.399892446);
#3258=LINE('',#3255,#3257);
#3259=EDGE_CURVE('',#3109,#3231,#3258,.T.);
#3260=ORIENTED_EDGE('',*,*,#3259,.T.);
#3261=ORIENTED_EDGE('',*,*,#3236,.T.);
#3262=ORIENTED_EDGE('',*,*,#928,.F.);
#3263=ORIENTED_EDGE('',*,*,#920,.F.);
#3264=EDGE_LOOP('',(#3253,#3254,#3260,#3261,#3262,#3263));
#3265=FACE_BOUND('',#3264,.T.);
#3266=ADVANCED_FACE('',(#3265),#3252,.T.);
#3267=CARTESIAN_POINT('',(0.,0.,-4.1));
#3268=DIRECTION('',(0.,0.,1.));
#3269=DIRECTION('',(-1.,0.,0.));
#3270=AXIS2_PLACEMENT_3D('',#3267,#3268,#3269);
#3271=PLANE('',#3270);
#3272=ORIENTED_EDGE('',*,*,#3114,.F.);
#3273=ORIENTED_EDGE('',*,*,#3143,.T.);
#3274=ORIENTED_EDGE('',*,*,#3167,.T.);
#3275=ORIENTED_EDGE('',*,*,#3193,.T.);
#3276=ORIENTED_EDGE('',*,*,#3217,.T.);
#3277=ORIENTED_EDGE('',*,*,#3242,.T.);
#3278=ORIENTED_EDGE('',*,*,#3259,.F.);
#3279=EDGE_LOOP('',(#3272,#3273,#3274,#3275,#3276,#3277,#3278));
#3280=FACE_BOUND('',#3279,.T.);
#3281=ADVANCED_FACE('',(#3280),#3271,.T.);
#3282=CARTESIAN_POINT('',(-27.35,36.9746,-0.85));
#3283=DIRECTION('',(0.,1.,0.));
#3284=DIRECTION('',(0.,0.,1.));
#3285=AXIS2_PLACEMENT_3D('',#3282,#3283,#3284);
#3286=PLANE('',#3285);
#3287=CARTESIAN_POINT('',(-27.35,36.9746,-0.85));
#3288=VERTEX_POINT('',#3287);
#3289=CARTESIAN_POINT('',(-27.35,36.9746,-0.85));
#3290=DIRECTION('',(0.,0.,-1.));
#3291=VECTOR('',#3290,2.85);
#3292=LINE('',#3289,#3291);
#3293=EDGE_CURVE('',#3288,#764,#3292,.T.);
#3294=ORIENTED_EDGE('',*,*,#3293,.T.);
#3295=ORIENTED_EDGE('',*,*,#769,.T.);
#3296=CARTESIAN_POINT('',(-26.35,36.9746,-0.85));
#3297=VERTEX_POINT('',#3296);
#3298=CARTESIAN_POINT('',(-26.35,36.9746,-0.85));
#3299=DIRECTION('',(0.,0.,-1.));
#3300=VECTOR('',#3299,2.85);
#3301=LINE('',#3298,#3300);
#3302=EDGE_CURVE('',#3297,#756,#3301,.T.);
#3303=ORIENTED_EDGE('',*,*,#3302,.F.);
#3304=CARTESIAN_POINT('',(-27.35,36.9746,-0.85));
#3305=DIRECTION('',(1.,0.,-0.));
#3306=VECTOR('',#3305,1.);
#3307=LINE('',#3304,#3306);
#3308=EDGE_CURVE('',#3288,#3297,#3307,.T.);
#3309=ORIENTED_EDGE('',*,*,#3308,.F.);
#3310=EDGE_LOOP('',(#3294,#3295,#3303,#3309));
#3311=FACE_BOUND('',#3310,.T.);
#3312=ADVANCED_FACE('',(#3311),#3286,.F.);
#3313=CARTESIAN_POINT('',(-26.35,61.372309803,-0.85));
#3314=DIRECTION('',(-1.,0.,0.));
#3315=DIRECTION('',(0.,0.,1.));
#3316=AXIS2_PLACEMENT_3D('',#3313,#3314,#3315);
#3317=PLANE('',#3316);
#3318=ORIENTED_EDGE('',*,*,#3302,.T.);
#3319=ORIENTED_EDGE('',*,*,#761,.T.);
#3320=CARTESIAN_POINT('',(-26.35,49.926797858,-0.85));
#3321=VERTEX_POINT('',#3320);
#3322=CARTESIAN_POINT('',(-26.35,49.926797858,-3.7));
#3323=DIRECTION('',(0.,0.,1.));
#3324=VECTOR('',#3323,2.85);
#3325=LINE('',#3322,#3324);
#3326=EDGE_CURVE('',#747,#3321,#3325,.T.);
#3327=ORIENTED_EDGE('',*,*,#3326,.T.);
#3328=CARTESIAN_POINT('',(-26.35,36.9746,-0.85));
#3329=DIRECTION('',(0.,1.,0.));
#3330=VECTOR('',#3329,12.952197858);
#3331=LINE('',#3328,#3330);
#3332=EDGE_CURVE('',#3297,#3321,#3331,.T.);
#3333=ORIENTED_EDGE('',*,*,#3332,.F.);
#3334=EDGE_LOOP('',(#3318,#3319,#3327,#3333));
#3335=FACE_BOUND('',#3334,.T.);
#3336=ADVANCED_FACE('',(#3335),#3317,.F.);
#3337=CARTESIAN_POINT('',(-0.,84.77,-0.85));
#3338=DIRECTION('',(0.,-1.,0.));
#3339=DIRECTION('',(1.,0.,0.));
#3340=AXIS2_PLACEMENT_3D('',#3337,#3338,#3339);
#3341=PLANE('',#3340);
#3342=ORIENTED_EDGE('',*,*,#679,.F.);
#3343=CARTESIAN_POINT('',(26.35,84.77,-0.85));
#3344=VERTEX_POINT('',#3343);
#3345=CARTESIAN_POINT('',(26.35,84.77,-0.85));
#3346=DIRECTION('',(0.,0.,-1.));
#3347=VECTOR('',#3346,2.85);
#3348=LINE('',#3345,#3347);
#3349=EDGE_CURVE('',#3344,#666,#3348,.T.);
#3350=ORIENTED_EDGE('',*,*,#3349,.F.);
#3351=CARTESIAN_POINT('',(26.35,84.77,-0.85));
#3352=DIRECTION('',(-1.,-0.,0.));
#3353=VECTOR('',#3352,52.7);
#3354=LINE('',#3351,#3353);
#3355=EDGE_CURVE('',#3344,#1103,#3354,.T.);
#3356=ORIENTED_EDGE('',*,*,#3355,.T.);
#3357=ORIENTED_EDGE('',*,*,#1108,.T.);
#3358=EDGE_LOOP('',(#3342,#3350,#3356,#3357));
#3359=FACE_BOUND('',#3358,.T.);
#3360=ADVANCED_FACE('',(#3359),#3341,.T.);
#3361=CARTESIAN_POINT('',(26.35,85.77,-0.85));
#3362=DIRECTION('',(1.,-0.,0.));
#3363=DIRECTION('',(0.,1.,0.));
#3364=AXIS2_PLACEMENT_3D('',#3361,#3362,#3363);
#3365=PLANE('',#3364);
#3366=CARTESIAN_POINT('',(26.35,63.817802142,-0.85));
#3367=VERTEX_POINT('',#3366);
#3368=CARTESIAN_POINT('',(26.35,63.817802142,-3.7));
#3369=DIRECTION('',(0.,0.,1.));
#3370=VECTOR('',#3369,2.85);
#3371=LINE('',#3368,#3370);
#3372=EDGE_CURVE('',#655,#3367,#3371,.T.);
#3373=ORIENTED_EDGE('',*,*,#3372,.T.);
#3374=CARTESIAN_POINT('',(26.35,84.77,-0.85));
#3375=DIRECTION('',(-0.,-1.,0.));
#3376=VECTOR('',#3375,20.952197858);
#3377=LINE('',#3374,#3376);
#3378=EDGE_CURVE('',#3344,#3367,#3377,.T.);
#3379=ORIENTED_EDGE('',*,*,#3378,.F.);
#3380=ORIENTED_EDGE('',*,*,#3349,.T.);
#3381=ORIENTED_EDGE('',*,*,#671,.T.);
#3382=EDGE_LOOP('',(#3373,#3379,#3380,#3381));
#3383=FACE_BOUND('',#3382,.T.);
#3384=ADVANCED_FACE('',(#3383),#3365,.F.);
#3385=CARTESIAN_POINT('',(27.35,36.9746,-0.85));
#3386=DIRECTION('',(0.,-1.,0.));
#3387=DIRECTION('',(0.,0.,-1.));
#3388=AXIS2_PLACEMENT_3D('',#3385,#3386,#3387);
#3389=PLANE('',#3388);
#3390=ORIENTED_EDGE('',*,*,#1083,.T.);
#3391=ORIENTED_EDGE('',*,*,#736,.F.);
#3392=CARTESIAN_POINT('',(27.35,36.9746,-0.85));
#3393=VERTEX_POINT('',#3392);
#3394=CARTESIAN_POINT('',(27.35,36.9746,-3.7));
#3395=DIRECTION('',(-0.,-0.,1.));
#3396=VECTOR('',#3395,2.85);
#3397=LINE('',#3394,#3396);
#3398=EDGE_CURVE('',#722,#3393,#3397,.T.);
#3399=ORIENTED_EDGE('',*,*,#3398,.T.);
#3400=CARTESIAN_POINT('',(27.35,36.9746,-0.85));
#3401=DIRECTION('',(-1.,0.,0.));
#3402=VECTOR('',#3401,1.);
#3403=LINE('',#3400,#3402);
#3404=EDGE_CURVE('',#3393,#1065,#3403,.T.);
#3405=ORIENTED_EDGE('',*,*,#3404,.T.);
#3406=EDGE_LOOP('',(#3390,#3391,#3399,#3405));
#3407=FACE_BOUND('',#3406,.T.);
#3408=ADVANCED_FACE('',(#3407),#3389,.T.);
#3409=CARTESIAN_POINT('',(0.,0.,-0.85));
#3410=DIRECTION('',(0.,0.,1.));
#3411=DIRECTION('',(0.,1.,0.));
#3412=AXIS2_PLACEMENT_3D('',#3409,#3410,#3411);
#3413=PLANE('',#3412);
#3414=CARTESIAN_POINT('',(27.25,56.8723,-0.85));
#3415=VERTEX_POINT('',#3414);
#3416=CARTESIAN_POINT('',(-0.,56.8723,-0.85));
#3417=DIRECTION('',(0.,0.,1.));
#3418=DIRECTION('',(1.,0.,-0.));
#3419=AXIS2_PLACEMENT_3D('',#3416,#3417,#3418);
#3420=CIRCLE('',#3419,27.25);
#3421=EDGE_CURVE('',#3415,#3367,#3420,.T.);
#3422=ORIENTED_EDGE('',*,*,#3421,.F.);
#3423=CARTESIAN_POINT('',(-0.,56.8723,-0.85));
#3424=DIRECTION('',(0.,0.,1.));
#3425=DIRECTION('',(1.,0.,-0.));
#3426=AXIS2_PLACEMENT_3D('',#3423,#3424,#3425);
#3427=CIRCLE('',#3426,27.25);
#3428=EDGE_CURVE('',#1063,#3415,#3427,.T.);
#3429=ORIENTED_EDGE('',*,*,#3428,.F.);
#3430=ORIENTED_EDGE('',*,*,#1070,.T.);
#3431=ORIENTED_EDGE('',*,*,#3404,.F.);
#3432=CARTESIAN_POINT('',(27.35,35.9746,-0.85));
#3433=DIRECTION('',(-0.,-0.,-1.));
#3434=DIRECTION('',(1.,0.,-0.));
#3435=AXIS2_PLACEMENT_3D('',#3432,#3433,#3434);
#3436=CIRCLE('',#3435,1.);
#3437=EDGE_CURVE('',#3393,#1150,#3436,.T.);
#3438=ORIENTED_EDGE('',*,*,#3437,.T.);
#3439=ORIENTED_EDGE('',*,*,#1155,.T.);
#3440=ORIENTED_EDGE('',*,*,#2232,.F.);
#3441=ORIENTED_EDGE('',*,*,#1870,.F.);
#3442=CARTESIAN_POINT('',(-27.35,35.9746,-0.85));
#3443=DIRECTION('',(-0.,-0.,-1.));
#3444=DIRECTION('',(1.,0.,-0.));
#3445=AXIS2_PLACEMENT_3D('',#3442,#3443,#3444);
#3446=CIRCLE('',#3445,1.);
#3447=EDGE_CURVE('',#1857,#3288,#3446,.T.);
#3448=ORIENTED_EDGE('',*,*,#3447,.T.);
#3449=ORIENTED_EDGE('',*,*,#3308,.T.);
#3450=ORIENTED_EDGE('',*,*,#3332,.T.);
#3451=CARTESIAN_POINT('',(-0.,56.8723,-0.85));
#3452=DIRECTION('',(0.,0.,1.));
#3453=DIRECTION('',(1.,0.,-0.));
#3454=AXIS2_PLACEMENT_3D('',#3451,#3452,#3453);
#3455=CIRCLE('',#3454,27.25);
#3456=EDGE_CURVE('',#1094,#3321,#3455,.T.);
#3457=ORIENTED_EDGE('',*,*,#3456,.F.);
#3458=ORIENTED_EDGE('',*,*,#1114,.T.);
#3459=ORIENTED_EDGE('',*,*,#3355,.F.);
#3460=ORIENTED_EDGE('',*,*,#3378,.T.);
#3461=EDGE_LOOP('',(#3422,#3429,#3430,#3431,#3438,#3439,#3440,#3441,#3448,#3449,#3450,#3457,#3458,#3459,#3460));
#3462=FACE_BOUND('',#3461,.T.);
#3463=ADVANCED_FACE('',(#3462),#3413,.T.);
#3464=CARTESIAN_POINT('',(27.35,35.9746,-3.7));
#3465=DIRECTION('',(0.,0.,-1.));
#3466=DIRECTION('',(-1.,0.,0.));
#3467=AXIS2_PLACEMENT_3D('',#3464,#3465,#3466);
#3468=CYLINDRICAL_SURFACE('',#3467,1.);
#3469=ORIENTED_EDGE('',*,*,#3437,.F.);
#3470=ORIENTED_EDGE('',*,*,#3398,.F.);
#3471=ORIENTED_EDGE('',*,*,#728,.F.);
#3472=ORIENTED_EDGE('',*,*,#1161,.F.);
#3473=EDGE_LOOP('',(#3469,#3470,#3471,#3472));
#3474=FACE_BOUND('',#3473,.T.);
#3475=ADVANCED_FACE('',(#3474),#3468,.F.);
#3476=CARTESIAN_POINT('',(-27.35,35.9746,-0.85));
#3477=DIRECTION('',(0.,0.,-1.));
#3478=DIRECTION('',(-1.,0.,0.));
#3479=AXIS2_PLACEMENT_3D('',#3476,#3477,#3478);
#3480=CYLINDRICAL_SURFACE('',#3479,1.);
#3481=ORIENTED_EDGE('',*,*,#3447,.F.);
#3482=ORIENTED_EDGE('',*,*,#1862,.F.);
#3483=ORIENTED_EDGE('',*,*,#778,.F.);
#3484=ORIENTED_EDGE('',*,*,#3293,.F.);
#3485=EDGE_LOOP('',(#3481,#3482,#3483,#3484));
#3486=FACE_BOUND('',#3485,.T.);
#3487=ADVANCED_FACE('',(#3486),#3480,.F.);
#3488=CARTESIAN_POINT('',(27.85,86.27,-3.7));
#3489=DIRECTION('',(0.,0.,1.));
#3490=DIRECTION('',(1.,0.,-0.));
#3491=AXIS2_PLACEMENT_3D('',#3488,#3489,#3490);
#3492=CYLINDRICAL_SURFACE('',#3491,2.);
#3493=ORIENTED_EDGE('',*,*,#1814,.F.);
#3494=CARTESIAN_POINT('',(27.85,86.27,-3.9));
#3495=DIRECTION('',(-0.,-0.,1.));
#3496=DIRECTION('',(-1.,0.,0.));
#3497=AXIS2_PLACEMENT_3D('',#3494,#3495,#3496);
#3498=CIRCLE('',#3497,2.);
#3499=EDGE_CURVE('',#1803,#2245,#3498,.T.);
#3500=ORIENTED_EDGE('',*,*,#3499,.T.);
#3501=ORIENTED_EDGE('',*,*,#2250,.F.);
#3502=ORIENTED_EDGE('',*,*,#235,.F.);
#3503=EDGE_LOOP('',(#3493,#3500,#3501,#3502));
#3504=FACE_BOUND('',#3503,.T.);
#3505=ADVANCED_FACE('',(#3504),#3492,.T.);
#3506=CARTESIAN_POINT('',(-27.85,86.27,-3.7));
#3507=DIRECTION('',(0.,0.,1.));
#3508=DIRECTION('',(1.,0.,-0.));
#3509=AXIS2_PLACEMENT_3D('',#3506,#3507,#3508);
#3510=CYLINDRICAL_SURFACE('',#3509,2.);
#3511=ORIENTED_EDGE('',*,*,#2264,.F.);
#3512=CARTESIAN_POINT('',(-27.85,86.27,-3.9));
#3513=DIRECTION('',(-0.,-0.,1.));
#3514=DIRECTION('',(-1.,0.,0.));
#3515=AXIS2_PLACEMENT_3D('',#3512,#3513,#3514);
#3516=CIRCLE('',#3515,2.);
#3517=EDGE_CURVE('',#2253,#459,#3516,.T.);
#3518=ORIENTED_EDGE('',*,*,#3517,.T.);
#3519=ORIENTED_EDGE('',*,*,#464,.F.);
#3520=ORIENTED_EDGE('',*,*,#252,.F.);
#3521=EDGE_LOOP('',(#3511,#3518,#3519,#3520));
#3522=FACE_BOUND('',#3521,.T.);
#3523=ADVANCED_FACE('',(#3522),#3510,.T.);
#3524=CARTESIAN_POINT('',(-27.85,-0.23,-3.7));
#3525=DIRECTION('',(0.,0.,-1.));
#3526=DIRECTION('',(-1.,0.,0.));
#3527=AXIS2_PLACEMENT_3D('',#3524,#3525,#3526);
#3528=CYLINDRICAL_SURFACE('',#3527,2.);
#3529=ORIENTED_EDGE('',*,*,#267,.F.);
#3530=ORIENTED_EDGE('',*,*,#455,.F.);
#3531=CARTESIAN_POINT('',(-27.85,-0.23,-3.9));
#3532=DIRECTION('',(-0.,-0.,1.));
#3533=DIRECTION('',(-1.,0.,0.));
#3534=AXIS2_PLACEMENT_3D('',#3531,#3532,#3533);
#3535=CIRCLE('',#3534,2.);
#3536=EDGE_CURVE('',#444,#2293,#3535,.T.);
#3537=ORIENTED_EDGE('',*,*,#3536,.T.);
#3538=ORIENTED_EDGE('',*,*,#2298,.F.);
#3539=EDGE_LOOP('',(#3529,#3530,#3537,#3538));
#3540=FACE_BOUND('',#3539,.T.);
#3541=ADVANCED_FACE('',(#3540),#3528,.T.);
#3542=CARTESIAN_POINT('',(27.85,-0.23,-3.7));
#3543=DIRECTION('',(0.,0.,-1.));
#3544=DIRECTION('',(-1.,0.,0.));
#3545=AXIS2_PLACEMENT_3D('',#3542,#3543,#3544);
#3546=CYLINDRICAL_SURFACE('',#3545,2.);
#3547=ORIENTED_EDGE('',*,*,#218,.F.);
#3548=ORIENTED_EDGE('',*,*,#2312,.F.);
#3549=CARTESIAN_POINT('',(27.85,-0.23,-3.9));
#3550=DIRECTION('',(-0.,-0.,1.));
#3551=DIRECTION('',(-1.,0.,0.));
#3552=AXIS2_PLACEMENT_3D('',#3549,#3550,#3551);
#3553=CIRCLE('',#3552,2.);
#3554=EDGE_CURVE('',#2301,#1795,#3553,.T.);
#3555=ORIENTED_EDGE('',*,*,#3554,.T.);
#3556=ORIENTED_EDGE('',*,*,#1800,.F.);
#3557=EDGE_LOOP('',(#3547,#3548,#3555,#3556));
#3558=FACE_BOUND('',#3557,.T.);
#3559=ADVANCED_FACE('',(#3558),#3546,.T.);
#3560=CARTESIAN_POINT('',(-30.65,21.437332331,-3.050025388));
#3561=DIRECTION('',(0.,0.,-1.));
#3562=DIRECTION('',(-1.,0.,0.));
#3563=AXIS2_PLACEMENT_3D('',#3560,#3561,#3562);
#3564=PLANE('',#3563);
#3565=CARTESIAN_POINT('',(-29.85,23.337332331,-3.050025388));
#3566=DIRECTION('',(1.,0.,0.));
#3567=VECTOR('',#3566,1.5);
#3568=LINE('',#3565,#3567);
#3569=EDGE_CURVE('',#348,#1925,#3568,.T.);
#3570=ORIENTED_EDGE('',*,*,#3569,.F.);
#3571=ORIENTED_EDGE('',*,*,#377,.T.);
#3572=CARTESIAN_POINT('',(-29.85,19.537332331,-3.050025388));
#3573=DIRECTION('',(1.,0.,0.));
#3574=VECTOR('',#3573,1.5);
#3575=LINE('',#3572,#3574);
#3576=EDGE_CURVE('',#366,#1933,#3575,.T.);
#3577=ORIENTED_EDGE('',*,*,#3576,.T.);
#3578=ORIENTED_EDGE('',*,*,#1938,.T.);
#3579=EDGE_LOOP('',(#3570,#3571,#3577,#3578));
#3580=FACE_BOUND('',#3579,.T.);
#3581=ADVANCED_FACE('',(#3580),#3564,.F.);
#3582=CARTESIAN_POINT('',(-30.65,23.337332331,-2.300025388));
#3583=DIRECTION('',(-0.,1.,0.));
#3584=DIRECTION('',(-1.,-0.,0.));
#3585=AXIS2_PLACEMENT_3D('',#3582,#3583,#3584);
#3586=PLANE('',#3585);
#3587=CARTESIAN_POINT('',(-29.85,23.337332331,-1.550025388));
#3588=DIRECTION('',(1.,0.,0.));
#3589=VECTOR('',#3588,1.5);
#3590=LINE('',#3587,#3589);
#3591=EDGE_CURVE('',#350,#1915,#3590,.T.);
#3592=ORIENTED_EDGE('',*,*,#3591,.F.);
#3593=ORIENTED_EDGE('',*,*,#355,.F.);
#3594=ORIENTED_EDGE('',*,*,#3569,.T.);
#3595=ORIENTED_EDGE('',*,*,#1930,.T.);
#3596=EDGE_LOOP('',(#3592,#3593,#3594,#3595));
#3597=FACE_BOUND('',#3596,.T.);
#3598=ADVANCED_FACE('',(#3597),#3586,.F.);
#3599=CARTESIAN_POINT('',(-30.65,21.437332331,-1.550025388));
#3600=DIRECTION('',(0.,0.,1.));
#3601=DIRECTION('',(1.,0.,0.));
#3602=AXIS2_PLACEMENT_3D('',#3599,#3600,#3601);
#3603=PLANE('',#3602);
#3604=CARTESIAN_POINT('',(-29.85,19.537332331,-1.550025388));
#3605=DIRECTION('',(1.,0.,0.));
#3606=VECTOR('',#3605,1.5);
#3607=LINE('',#3604,#3606);
#3608=EDGE_CURVE('',#358,#1917,#3607,.T.);
#3609=ORIENTED_EDGE('',*,*,#3608,.F.);
#3610=ORIENTED_EDGE('',*,*,#363,.T.);
#3611=ORIENTED_EDGE('',*,*,#3591,.T.);
#3612=ORIENTED_EDGE('',*,*,#1922,.T.);
#3613=EDGE_LOOP('',(#3609,#3610,#3611,#3612));
#3614=FACE_BOUND('',#3613,.T.);
#3615=ADVANCED_FACE('',(#3614),#3603,.F.);
#3616=CARTESIAN_POINT('',(-30.65,19.537332331,-2.300025388));
#3617=DIRECTION('',(0.,-1.,0.));
#3618=DIRECTION('',(1.,0.,0.));
#3619=AXIS2_PLACEMENT_3D('',#3616,#3617,#3618);
#3620=PLANE('',#3619);
#3621=ORIENTED_EDGE('',*,*,#1944,.T.);
#3622=ORIENTED_EDGE('',*,*,#3576,.F.);
#3623=ORIENTED_EDGE('',*,*,#371,.F.);
#3624=ORIENTED_EDGE('',*,*,#3608,.T.);
#3625=EDGE_LOOP('',(#3621,#3622,#3623,#3624));
#3626=FACE_BOUND('',#3625,.T.);
#3627=ADVANCED_FACE('',(#3626),#3620,.F.);
#3628=CARTESIAN_POINT('',(-29.15,33.187345031,-3.050026102));
#3629=DIRECTION('',(0.,-1.,0.));
#3630=DIRECTION('',(1.,0.,0.));
#3631=AXIS2_PLACEMENT_3D('',#3628,#3629,#3630);
#3632=PLANE('',#3631);
#3633=CARTESIAN_POINT('',(-29.35,33.187345031,-1.));
#3634=DIRECTION('',(0.,0.,-1.));
#3635=VECTOR('',#3634,2.250026102);
#3636=LINE('',#3633,#3635);
#3637=EDGE_CURVE('',#2082,#2179,#3636,.T.);
#3638=ORIENTED_EDGE('',*,*,#3637,.T.);
#3639=ORIENTED_EDGE('',*,*,#2184,.T.);
#3640=ORIENTED_EDGE('',*,*,#1888,.F.);
#3641=ORIENTED_EDGE('',*,*,#2093,.F.);
#3642=EDGE_LOOP('',(#3638,#3639,#3640,#3641));
#3643=FACE_BOUND('',#3642,.T.);
#3644=ADVANCED_FACE('',(#3643),#3632,.T.);
#3645=CARTESIAN_POINT('',(-29.15,25.787345031,-2.050026102));
#3646=DIRECTION('',(-0.,1.,0.));
#3647=DIRECTION('',(-1.,-0.,0.));
#3648=AXIS2_PLACEMENT_3D('',#3645,#3646,#3647);
#3649=PLANE('',#3648);
#3650=ORIENTED_EDGE('',*,*,#2100,.T.);
#3651=ORIENTED_EDGE('',*,*,#1904,.F.);
#3652=ORIENTED_EDGE('',*,*,#2175,.F.);
#3653=ORIENTED_EDGE('',*,*,#612,.T.);
#3654=EDGE_LOOP('',(#3650,#3651,#3652,#3653));
#3655=FACE_BOUND('',#3654,.T.);
#3656=ADVANCED_FACE('',(#3655),#3649,.T.);
#3657=CARTESIAN_POINT('',(-29.35,43.27,-3.7));
#3658=DIRECTION('',(1.,0.,0.));
#3659=DIRECTION('',(-0.,1.,0.));
#3660=AXIS2_PLACEMENT_3D('',#3657,#3658,#3659);
#3661=PLANE('',#3660);
#3662=ORIENTED_EDGE('',*,*,#2217,.T.);
#3663=ORIENTED_EDGE('',*,*,#2192,.T.);
#3664=ORIENTED_EDGE('',*,*,#3637,.F.);
#3665=ORIENTED_EDGE('',*,*,#2087,.F.);
#3666=ORIENTED_EDGE('',*,*,#2062,.T.);
#3667=ORIENTED_EDGE('',*,*,#2038,.F.);
#3668=EDGE_LOOP('',(#3662,#3663,#3664,#3665,#3666,#3667));
#3669=FACE_BOUND('',#3668,.T.);
#3670=ADVANCED_FACE('',(#3669),#3661,.T.);
#3671=CARTESIAN_POINT('',(29.15,13.787294231,-3.050026102));
#3672=DIRECTION('',(-0.,1.,0.));
#3673=DIRECTION('',(-1.,-0.,0.));
#3674=AXIS2_PLACEMENT_3D('',#3671,#3672,#3673);
#3675=PLANE('',#3674);
#3676=CARTESIAN_POINT('',(29.35,13.787294231,-1.));
#3677=DIRECTION('',(0.,0.,-1.));
#3678=VECTOR('',#3677,2.250026102);
#3679=LINE('',#3676,#3678);
#3680=EDGE_CURVE('',#1586,#1713,#3679,.T.);
#3681=ORIENTED_EDGE('',*,*,#3680,.T.);
#3682=ORIENTED_EDGE('',*,*,#1718,.T.);
#3683=ORIENTED_EDGE('',*,*,#1216,.F.);
#3684=ORIENTED_EDGE('',*,*,#1597,.F.);
#3685=EDGE_LOOP('',(#3681,#3682,#3683,#3684));
#3686=FACE_BOUND('',#3685,.T.);
#3687=ADVANCED_FACE('',(#3686),#3675,.T.);
#3688=CARTESIAN_POINT('',(29.15,21.187294231,-3.050026102));
#3689=DIRECTION('',(-0.,1.,0.));
#3690=DIRECTION('',(-1.,-0.,0.));
#3691=AXIS2_PLACEMENT_3D('',#3688,#3689,#3690);
#3692=PLANE('',#3691);
#3693=ORIENTED_EDGE('',*,*,#1232,.T.);
#3694=ORIENTED_EDGE('',*,*,#1709,.F.);
#3695=ORIENTED_EDGE('',*,*,#488,.F.);
#3696=ORIENTED_EDGE('',*,*,#1604,.T.);
#3697=EDGE_LOOP('',(#3693,#3694,#3695,#3696));
#3698=FACE_BOUND('',#3697,.T.);
#3699=ADVANCED_FACE('',(#3698),#3692,.F.);
#3700=CARTESIAN_POINT('',(29.35,43.27,-3.7));
#3701=DIRECTION('',(-1.,-0.,0.));
#3702=DIRECTION('',(0.,-1.,0.));
#3703=AXIS2_PLACEMENT_3D('',#3700,#3701,#3702);
#3704=PLANE('',#3703);
#3705=ORIENTED_EDGE('',*,*,#1527,.T.);
#3706=ORIENTED_EDGE('',*,*,#1764,.F.);
#3707=ORIENTED_EDGE('',*,*,#1726,.T.);
#3708=ORIENTED_EDGE('',*,*,#3680,.F.);
#3709=ORIENTED_EDGE('',*,*,#1591,.F.);
#3710=ORIENTED_EDGE('',*,*,#1558,.F.);
#3711=EDGE_LOOP('',(#3705,#3706,#3707,#3708,#3709,#3710));
#3712=FACE_BOUND('',#3711,.T.);
#3713=ADVANCED_FACE('',(#3712),#3704,.T.);
#3714=CARTESIAN_POINT('',(29.15,33.187294231,-2.050026102));
#3715=DIRECTION('',(0.,-1.,0.));
#3716=DIRECTION('',(1.,0.,0.));
#3717=AXIS2_PLACEMENT_3D('',#3714,#3715,#3716);
#3718=PLANE('',#3717);
#3719=ORIENTED_EDGE('',*,*,#1341,.T.);
#3720=ORIENTED_EDGE('',*,*,#1182,.F.);
#3721=ORIENTED_EDGE('',*,*,#1446,.F.);
#3722=ORIENTED_EDGE('',*,*,#554,.T.);
#3723=EDGE_LOOP('',(#3719,#3720,#3721,#3722));
#3724=FACE_BOUND('',#3723,.T.);
#3725=ADVANCED_FACE('',(#3724),#3718,.T.);
#3726=CARTESIAN_POINT('',(29.15,25.787294231,-3.050026102));
#3727=DIRECTION('',(-0.,1.,0.));
#3728=DIRECTION('',(-1.,-0.,0.));
#3729=AXIS2_PLACEMENT_3D('',#3726,#3727,#3728);
#3730=PLANE('',#3729);
#3731=CARTESIAN_POINT('',(29.35,25.787294231,-1.));
#3732=DIRECTION('',(0.,0.,-1.));
#3733=VECTOR('',#3732,2.250026102);
#3734=LINE('',#3731,#3733);
#3735=EDGE_CURVE('',#1323,#1450,#3734,.T.);
#3736=ORIENTED_EDGE('',*,*,#3735,.T.);
#3737=ORIENTED_EDGE('',*,*,#1455,.T.);
#3738=ORIENTED_EDGE('',*,*,#1198,.F.);
#3739=ORIENTED_EDGE('',*,*,#1334,.F.);
#3740=EDGE_LOOP('',(#3736,#3737,#3738,#3739));
#3741=FACE_BOUND('',#3740,.T.);
#3742=ADVANCED_FACE('',(#3741),#3730,.T.);
#3743=CARTESIAN_POINT('',(29.35,43.27,-3.7));
#3744=DIRECTION('',(-1.,-0.,0.));
#3745=DIRECTION('',(0.,-1.,0.));
#3746=AXIS2_PLACEMENT_3D('',#3743,#3744,#3745);
#3747=PLANE('',#3746);
#3748=ORIENTED_EDGE('',*,*,#1264,.T.);
#3749=ORIENTED_EDGE('',*,*,#1501,.F.);
#3750=ORIENTED_EDGE('',*,*,#1463,.F.);
#3751=ORIENTED_EDGE('',*,*,#3735,.F.);
#3752=ORIENTED_EDGE('',*,*,#1328,.F.);
#3753=ORIENTED_EDGE('',*,*,#1295,.F.);
#3754=EDGE_LOOP('',(#3748,#3749,#3750,#3751,#3752,#3753));
#3755=FACE_BOUND('',#3754,.T.);
#3756=ADVANCED_FACE('',(#3755),#3747,.T.);
#3757=CARTESIAN_POINT('',(-0.,56.8723,-3.7));
#3758=DIRECTION('',(0.,0.,1.));
#3759=DIRECTION('',(1.,0.,-0.));
#3760=AXIS2_PLACEMENT_3D('',#3757,#3758,#3759);
#3761=CYLINDRICAL_SURFACE('',#3760,27.25);
#3762=CARTESIAN_POINT('',(27.25,56.8723,-4.1));
#3763=VERTEX_POINT('',#3762);
#3764=CARTESIAN_POINT('',(27.25,56.8723,-0.85));
#3765=DIRECTION('',(-0.,-0.,-1.));
#3766=VECTOR('',#3765,3.25);
#3767=LINE('',#3764,#3766);
#3768=EDGE_CURVE('',#3415,#3763,#3767,.T.);
#3769=ORIENTED_EDGE('',*,*,#3768,.F.);
#3770=ORIENTED_EDGE('',*,*,#3421,.T.);
#3771=ORIENTED_EDGE('',*,*,#3372,.F.);
#3772=ORIENTED_EDGE('',*,*,#663,.T.);
#3773=ORIENTED_EDGE('',*,*,#1099,.T.);
#3774=ORIENTED_EDGE('',*,*,#3456,.T.);
#3775=ORIENTED_EDGE('',*,*,#3326,.F.);
#3776=ORIENTED_EDGE('',*,*,#753,.T.);
#3777=ORIENTED_EDGE('',*,*,#1076,.T.);
#3778=ORIENTED_EDGE('',*,*,#3428,.T.);
#3779=ORIENTED_EDGE('',*,*,#3768,.T.);
#3780=CARTESIAN_POINT('',(-0.,56.8723,-4.1));
#3781=DIRECTION('',(0.,0.,1.));
#3782=DIRECTION('',(1.,0.,-0.));
#3783=AXIS2_PLACEMENT_3D('',#3780,#3781,#3782);
#3784=CIRCLE('',#3783,27.25);
#3785=EDGE_CURVE('',#3763,#3763,#3784,.T.);
#3786=ORIENTED_EDGE('',*,*,#3785,.F.);
#3787=EDGE_LOOP('',(#3769,#3770,#3771,#3772,#3773,#3774,#3775,#3776,#3777,#3778,#3779,#3786));
#3788=FACE_BOUND('',#3787,.T.);
#3789=ADVANCED_FACE('',(#3788),#3761,.F.);
#3790=CARTESIAN_POINT('',(-0.,56.8723,-4.2));
#3791=DIRECTION('',(0.,0.,1.));
#3792=DIRECTION('',(1.,0.,-0.));
#3793=AXIS2_PLACEMENT_3D('',#3790,#3791,#3792);
#3794=CYLINDRICAL_SURFACE('',#3793,22.75);
#3795=CARTESIAN_POINT('',(22.75,56.8723,-3.9));
#3796=VERTEX_POINT('',#3795);
#3797=CARTESIAN_POINT('',(22.75,56.8723,-4.1));
#3798=VERTEX_POINT('',#3797);
#3799=CARTESIAN_POINT('',(22.75,56.8723,-3.9));
#3800=DIRECTION('',(-0.,-0.,-1.));
#3801=VECTOR('',#3800,0.2);
#3802=LINE('',#3799,#3801);
#3803=EDGE_CURVE('',#3796,#3798,#3802,.T.);
#3804=ORIENTED_EDGE('',*,*,#3803,.T.);
#3805=CARTESIAN_POINT('',(-0.,56.8723,-4.1));
#3806=DIRECTION('',(0.,0.,1.));
#3807=DIRECTION('',(1.,0.,-0.));
#3808=AXIS2_PLACEMENT_3D('',#3805,#3806,#3807);
#3809=CIRCLE('',#3808,22.75);
#3810=EDGE_CURVE('',#3798,#3798,#3809,.T.);
#3811=ORIENTED_EDGE('',*,*,#3810,.T.);
#3812=ORIENTED_EDGE('',*,*,#3803,.F.);
#3813=CARTESIAN_POINT('',(-22.75,56.8723,-3.9));
#3814=VERTEX_POINT('',#3813);
#3815=CARTESIAN_POINT('',(-0.,56.8723,-3.9));
#3816=DIRECTION('',(-0.,-0.,1.));
#3817=DIRECTION('',(-1.,0.,0.));
#3818=AXIS2_PLACEMENT_3D('',#3815,#3816,#3817);
#3819=CIRCLE('',#3818,22.75);
#3820=EDGE_CURVE('',#3814,#3796,#3819,.T.);
#3821=ORIENTED_EDGE('',*,*,#3820,.F.);
#3822=CARTESIAN_POINT('',(-0.,56.8723,-3.9));
#3823=DIRECTION('',(-0.,-0.,1.));
#3824=DIRECTION('',(-1.,0.,0.));
#3825=AXIS2_PLACEMENT_3D('',#3822,#3823,#3824);
#3826=CIRCLE('',#3825,22.75);
#3827=EDGE_CURVE('',#3796,#3814,#3826,.T.);
#3828=ORIENTED_EDGE('',*,*,#3827,.F.);
#3829=EDGE_LOOP('',(#3804,#3811,#3812,#3821,#3828));
#3830=FACE_BOUND('',#3829,.T.);
#3831=ADVANCED_FACE('',(#3830),#3794,.T.);
#3832=CARTESIAN_POINT('',(0.,0.,-4.1));
#3833=DIRECTION('',(0.,0.,1.));
#3834=DIRECTION('',(1.,0.,0.));
#3835=AXIS2_PLACEMENT_3D('',#3832,#3833,#3834);
#3836=PLANE('',#3835);
#3837=ORIENTED_EDGE('',*,*,#3785,.T.);
#3838=EDGE_LOOP('',(#3837));
#3839=FACE_BOUND('',#3838,.T.);
#3840=ORIENTED_EDGE('',*,*,#3810,.F.);
#3841=EDGE_LOOP('',(#3840));
#3842=FACE_BOUND('',#3841,.T.);
#3843=ADVANCED_FACE('',(#3839,#3842),#3836,.T.);
#3844=CARTESIAN_POINT('',(0.,0.,-3.9));
#3845=DIRECTION('',(0.,0.,-1.));
#3846=DIRECTION('',(-1.,0.,0.));
#3847=AXIS2_PLACEMENT_3D('',#3844,#3845,#3846);
#3848=PLANE('',#3847);
#3849=ORIENTED_EDGE('',*,*,#3820,.T.);
#3850=ORIENTED_EDGE('',*,*,#3827,.T.);
#3851=EDGE_LOOP('',(#3849,#3850));
#3852=FACE_BOUND('',#3851,.T.);
#3853=ADVANCED_FACE('',(#3852),#3848,.F.);
#3854=CARTESIAN_POINT('',(-29.35,0.,-3.9));
#3855=DIRECTION('',(0.,-1.,0.));
#3856=DIRECTION('',(0.,0.,-1.));
#3857=AXIS2_PLACEMENT_3D('',#3854,#3855,#3856);
#3858=CYLINDRICAL_SURFACE('',#3857,0.5);
#3859=ORIENTED_EDGE('',*,*,#3087,.F.);
#3860=ORIENTED_EDGE('',*,*,#470,.F.);
#3861=CARTESIAN_POINT('',(-29.35,86.27,-3.9));
#3862=DIRECTION('',(0.,1.,0.));
#3863=DIRECTION('',(0.,-0.,1.));
#3864=AXIS2_PLACEMENT_3D('',#3861,#3862,#3863);
#3865=CIRCLE('',#3864,0.5);
#3866=EDGE_CURVE('',#2369,#459,#3865,.T.);
#3867=ORIENTED_EDGE('',*,*,#3866,.F.);
#3868=ORIENTED_EDGE('',*,*,#2374,.F.);
#3869=CARTESIAN_POINT('',(-29.35,-0.23,-3.9));
#3870=DIRECTION('',(0.,-1.,0.));
#3871=DIRECTION('',(0.,0.,-1.));
#3872=AXIS2_PLACEMENT_3D('',#3869,#3870,#3871);
#3873=CIRCLE('',#3872,0.5);
#3874=EDGE_CURVE('',#444,#2360,#3873,.T.);
#3875=ORIENTED_EDGE('',*,*,#3874,.F.);
#3876=ORIENTED_EDGE('',*,*,#449,.F.);
#3877=ORIENTED_EDGE('',*,*,#3041,.F.);
#3878=ORIENTED_EDGE('',*,*,#3065,.F.);
#3879=EDGE_LOOP('',(#3859,#3860,#3867,#3868,#3875,#3876,#3877,#3878));
#3880=FACE_BOUND('',#3879,.T.);
#3881=ADVANCED_FACE('',(#3880),#3858,.T.);
#3882=CARTESIAN_POINT('',(-27.85,86.27,-3.9));
#3883=DIRECTION('',(0.,0.,-1.));
#3884=DIRECTION('',(-1.,0.,0.));
#3885=AXIS2_PLACEMENT_3D('',#3882,#3883,#3884);
#3886=TOROIDAL_SURFACE('',#3885,1.5,0.5);
#3887=ORIENTED_EDGE('',*,*,#3866,.T.);
#3888=ORIENTED_EDGE('',*,*,#3517,.F.);
#3889=CARTESIAN_POINT('',(-27.85,87.77,-3.9));
#3890=DIRECTION('',(1.,0.,0.));
#3891=DIRECTION('',(0.,0.,-1.));
#3892=AXIS2_PLACEMENT_3D('',#3889,#3890,#3891);
#3893=CIRCLE('',#3892,0.5);
#3894=EDGE_CURVE('',#2377,#2253,#3893,.T.);
#3895=ORIENTED_EDGE('',*,*,#3894,.F.);
#3896=ORIENTED_EDGE('',*,*,#2383,.F.);
#3897=EDGE_LOOP('',(#3887,#3888,#3895,#3896));
#3898=FACE_BOUND('',#3897,.T.);
#3899=ADVANCED_FACE('',(#3898),#3886,.T.);
#3900=CARTESIAN_POINT('',(-27.85,-0.23,-3.9));
#3901=DIRECTION('',(0.,0.,-1.));
#3902=DIRECTION('',(-1.,0.,0.));
#3903=AXIS2_PLACEMENT_3D('',#3900,#3901,#3902);
#3904=TOROIDAL_SURFACE('',#3903,1.5,0.5);
#3905=ORIENTED_EDGE('',*,*,#3874,.T.);
#3906=ORIENTED_EDGE('',*,*,#2366,.F.);
#3907=CARTESIAN_POINT('',(-27.85,-1.73,-3.9));
#3908=DIRECTION('',(1.,0.,0.));
#3909=DIRECTION('',(0.,0.,-1.));
#3910=AXIS2_PLACEMENT_3D('',#3907,#3908,#3909);
#3911=CIRCLE('',#3910,0.5);
#3912=EDGE_CURVE('',#2293,#2352,#3911,.T.);
#3913=ORIENTED_EDGE('',*,*,#3912,.F.);
#3914=ORIENTED_EDGE('',*,*,#3536,.F.);
#3915=EDGE_LOOP('',(#3905,#3906,#3913,#3914));
#3916=FACE_BOUND('',#3915,.T.);
#3917=ADVANCED_FACE('',(#3916),#3904,.T.);
#3918=CARTESIAN_POINT('',(-0.,87.77,-3.9));
#3919=DIRECTION('',(1.,0.,0.));
#3920=DIRECTION('',(-0.,1.,0.));
#3921=AXIS2_PLACEMENT_3D('',#3918,#3919,#3920);
#3922=CYLINDRICAL_SURFACE('',#3921,0.5);
#3923=ORIENTED_EDGE('',*,*,#3894,.T.);
#3924=ORIENTED_EDGE('',*,*,#2258,.F.);
#3925=CARTESIAN_POINT('',(27.85,87.77,-3.9));
#3926=DIRECTION('',(1.,0.,0.));
#3927=DIRECTION('',(0.,0.,-1.));
#3928=AXIS2_PLACEMENT_3D('',#3925,#3926,#3927);
#3929=CIRCLE('',#3928,0.5);
#3930=EDGE_CURVE('',#2324,#2245,#3929,.T.);
#3931=ORIENTED_EDGE('',*,*,#3930,.F.);
#3932=ORIENTED_EDGE('',*,*,#2389,.F.);
#3933=EDGE_LOOP('',(#3923,#3924,#3931,#3932));
#3934=FACE_BOUND('',#3933,.T.);
#3935=ADVANCED_FACE('',(#3934),#3922,.T.);
#3936=CARTESIAN_POINT('',(0.,-1.73,-3.9));
#3937=DIRECTION('',(1.,0.,0.));
#3938=DIRECTION('',(-0.,1.,0.));
#3939=AXIS2_PLACEMENT_3D('',#3936,#3937,#3938);
#3940=CYLINDRICAL_SURFACE('',#3939,0.5);
#3941=ORIENTED_EDGE('',*,*,#3912,.T.);
#3942=ORIENTED_EDGE('',*,*,#2357,.F.);
#3943=CARTESIAN_POINT('',(27.85,-1.73,-3.9));
#3944=DIRECTION('',(1.,0.,0.));
#3945=DIRECTION('',(0.,0.,-1.));
#3946=AXIS2_PLACEMENT_3D('',#3943,#3944,#3945);
#3947=CIRCLE('',#3946,0.5);
#3948=EDGE_CURVE('',#2301,#2343,#3947,.T.);
#3949=ORIENTED_EDGE('',*,*,#3948,.F.);
#3950=ORIENTED_EDGE('',*,*,#2306,.F.);
#3951=EDGE_LOOP('',(#3941,#3942,#3949,#3950));
#3952=FACE_BOUND('',#3951,.T.);
#3953=ADVANCED_FACE('',(#3952),#3940,.T.);
#3954=CARTESIAN_POINT('',(27.85,86.27,-3.9));
#3955=DIRECTION('',(0.,0.,-1.));
#3956=DIRECTION('',(-1.,0.,0.));
#3957=AXIS2_PLACEMENT_3D('',#3954,#3955,#3956);
#3958=TOROIDAL_SURFACE('',#3957,1.5,0.5);
#3959=ORIENTED_EDGE('',*,*,#3930,.T.);
#3960=ORIENTED_EDGE('',*,*,#3499,.F.);
#3961=CARTESIAN_POINT('',(29.35,86.27,-3.9));
#3962=DIRECTION('',(0.,-1.,0.));
#3963=DIRECTION('',(0.,0.,-1.));
#3964=AXIS2_PLACEMENT_3D('',#3961,#3962,#3963);
#3965=CIRCLE('',#3964,0.5);
#3966=EDGE_CURVE('',#2326,#1803,#3965,.T.);
#3967=ORIENTED_EDGE('',*,*,#3966,.F.);
#3968=ORIENTED_EDGE('',*,*,#2332,.F.);
#3969=EDGE_LOOP('',(#3959,#3960,#3967,#3968));
#3970=FACE_BOUND('',#3969,.T.);
#3971=ADVANCED_FACE('',(#3970),#3958,.T.);
#3972=CARTESIAN_POINT('',(27.85,-0.23,-3.9));
#3973=DIRECTION('',(0.,0.,-1.));
#3974=DIRECTION('',(-1.,0.,0.));
#3975=AXIS2_PLACEMENT_3D('',#3972,#3973,#3974);
#3976=TOROIDAL_SURFACE('',#3975,1.5,0.5);
#3977=ORIENTED_EDGE('',*,*,#3948,.T.);
#3978=ORIENTED_EDGE('',*,*,#2349,.F.);
#3979=CARTESIAN_POINT('',(29.35,-0.23,-3.9));
#3980=DIRECTION('',(0.,1.,0.));
#3981=DIRECTION('',(0.,-0.,1.));
#3982=AXIS2_PLACEMENT_3D('',#3979,#3980,#3981);
#3983=CIRCLE('',#3982,0.5);
#3984=EDGE_CURVE('',#1795,#2335,#3983,.T.);
#3985=ORIENTED_EDGE('',*,*,#3984,.F.);
#3986=ORIENTED_EDGE('',*,*,#3554,.F.);
#3987=EDGE_LOOP('',(#3977,#3978,#3985,#3986));
#3988=FACE_BOUND('',#3987,.T.);
#3989=ADVANCED_FACE('',(#3988),#3976,.T.);
#3990=CARTESIAN_POINT('',(29.35,0.,-3.9));
#3991=DIRECTION('',(0.,1.,0.));
#3992=DIRECTION('',(0.,-0.,1.));
#3993=AXIS2_PLACEMENT_3D('',#3990,#3991,#3992);
#3994=CYLINDRICAL_SURFACE('',#3993,0.5);
#3995=ORIENTED_EDGE('',*,*,#3966,.T.);
#3996=ORIENTED_EDGE('',*,*,#1808,.F.);
#3997=ORIENTED_EDGE('',*,*,#3984,.T.);
#3998=ORIENTED_EDGE('',*,*,#2340,.F.);
#3999=EDGE_LOOP('',(#3995,#3996,#3997,#3998));
#4000=FACE_BOUND('',#3999,.T.);
#4001=ADVANCED_FACE('',(#4000),#3994,.T.);
#4002=CARTESIAN_POINT('',(-13.,-0.23,-3.7));
#4003=DIRECTION('',(0.,0.,-1.));
#4004=DIRECTION('',(-1.,0.,0.));
#4005=AXIS2_PLACEMENT_3D('',#4002,#4003,#4004);
#4006=CYLINDRICAL_SURFACE('',#4005,0.5);
#4007=ORIENTED_EDGE('',*,*,#141,.F.);
#4008=ORIENTED_EDGE('',*,*,#2846,.F.);
#4009=ORIENTED_EDGE('',*,*,#876,.F.);
#4010=ORIENTED_EDGE('',*,*,#2280,.T.);
#4011=EDGE_LOOP('',(#4007,#4008,#4009,#4010));
#4012=FACE_BOUND('',#4011,.T.);
#4013=ADVANCED_FACE('',(#4012),#4006,.F.);
#4014=CARTESIAN_POINT('',(13.,-0.23,-3.7));
#4015=DIRECTION('',(0.,0.,1.));
#4016=DIRECTION('',(1.,0.,-0.));
#4017=AXIS2_PLACEMENT_3D('',#4014,#4015,#4016);
#4018=CYLINDRICAL_SURFACE('',#4017,0.5);
#4019=ORIENTED_EDGE('',*,*,#124,.F.);
#4020=ORIENTED_EDGE('',*,*,#90,.F.);
#4021=ORIENTED_EDGE('',*,*,#710,.F.);
#4022=ORIENTED_EDGE('',*,*,#2839,.F.);
#4023=EDGE_LOOP('',(#4019,#4020,#4021,#4022));
#4024=FACE_BOUND('',#4023,.T.);
#4025=ADVANCED_FACE('',(#4024),#4018,.F.);
#4026=CARTESIAN_POINT('',(28.475,9.5,-2.7));
#4027=DIRECTION('',(0.,-1.,0.));
#4028=DIRECTION('',(0.,0.,-1.));
#4029=AXIS2_PLACEMENT_3D('',#4026,#4027,#4028);
#4030=PLANE('',#4029);
#4031=ORIENTED_EDGE('',*,*,#108,.T.);
#4032=CARTESIAN_POINT('',(28.6,9.5,-2.7));
#4033=VERTEX_POINT('',#4032);
#4034=CARTESIAN_POINT('',(28.6,9.5,-2.7));
#4035=DIRECTION('',(0.,0.,1.));
#4036=VECTOR('',#4035,3.);
#4037=LINE('',#4034,#4036);
#4038=EDGE_CURVE('',#4033,#103,#4037,.T.);
#4039=ORIENTED_EDGE('',*,*,#4038,.F.);
#4040=CARTESIAN_POINT('',(28.35,9.5,-2.7));
#4041=DIRECTION('',(1.,0.,-0.));
#4042=VECTOR('',#4041,0.25);
#4043=LINE('',#4040,#4042);
#4044=EDGE_CURVE('',#1125,#4033,#4043,.T.);
#4045=ORIENTED_EDGE('',*,*,#4044,.F.);
#4046=ORIENTED_EDGE('',*,*,#1170,.T.);
#4047=EDGE_LOOP('',(#4031,#4039,#4045,#4046));
#4048=FACE_BOUND('',#4047,.T.);
#4049=ADVANCED_FACE('',(#4048),#4030,.F.);
#4050=CARTESIAN_POINT('',(28.6,10.,-2.7));
#4051=DIRECTION('',(0.,0.,1.));
#4052=DIRECTION('',(1.,0.,-0.));
#4053=AXIS2_PLACEMENT_3D('',#4050,#4051,#4052);
#4054=CYLINDRICAL_SURFACE('',#4053,0.5);
#4055=CARTESIAN_POINT('',(29.1,10.,-2.7));
#4056=VERTEX_POINT('',#4055);
#4057=CARTESIAN_POINT('',(29.1,10.,0.3));
#4058=DIRECTION('',(-0.,-0.,-1.));
#4059=VECTOR('',#4058,3.);
#4060=LINE('',#4057,#4059);
#4061=EDGE_CURVE('',#184,#4056,#4060,.T.);
#4062=ORIENTED_EDGE('',*,*,#4061,.F.);
#4063=ORIENTED_EDGE('',*,*,#190,.T.);
#4064=CARTESIAN_POINT('',(28.6,10.5,-2.7));
#4065=VERTEX_POINT('',#4064);
#4066=CARTESIAN_POINT('',(28.6,10.5,-2.7));
#4067=DIRECTION('',(0.,0.,1.));
#4068=VECTOR('',#4067,3.);
#4069=LINE('',#4066,#4068);
#4070=EDGE_CURVE('',#4065,#176,#4069,.T.);
#4071=ORIENTED_EDGE('',*,*,#4070,.F.);
#4072=CARTESIAN_POINT('',(28.6,10.,-2.7));
#4073=DIRECTION('',(0.,0.,1.));
#4074=DIRECTION('',(1.,0.,-0.));
#4075=AXIS2_PLACEMENT_3D('',#4072,#4073,#4074);
#4076=CIRCLE('',#4075,0.5);
#4077=EDGE_CURVE('',#4056,#4065,#4076,.T.);
#4078=ORIENTED_EDGE('',*,*,#4077,.F.);
#4079=EDGE_LOOP('',(#4062,#4063,#4071,#4078));
#4080=FACE_BOUND('',#4079,.T.);
#4081=ADVANCED_FACE('',(#4080),#4054,.F.);
#4082=CARTESIAN_POINT('',(28.475,10.5,-2.7));
#4083=DIRECTION('',(0.,-1.,0.));
#4084=DIRECTION('',(0.,0.,-1.));
#4085=AXIS2_PLACEMENT_3D('',#4082,#4083,#4084);
#4086=PLANE('',#4085);
#4087=ORIENTED_EDGE('',*,*,#181,.F.);
#4088=ORIENTED_EDGE('',*,*,#1138,.F.);
#4089=CARTESIAN_POINT('',(28.35,10.5,-2.7));
#4090=DIRECTION('',(1.,0.,-0.));
#4091=VECTOR('',#4090,0.25);
#4092=LINE('',#4089,#4091);
#4093=EDGE_CURVE('',#1127,#4065,#4092,.T.);
#4094=ORIENTED_EDGE('',*,*,#4093,.T.);
#4095=ORIENTED_EDGE('',*,*,#4070,.T.);
#4096=EDGE_LOOP('',(#4087,#4088,#4094,#4095));
#4097=FACE_BOUND('',#4096,.T.);
#4098=ADVANCED_FACE('',(#4097),#4086,.T.);
#4099=CARTESIAN_POINT('',(0.,0.,-2.7));
#4100=DIRECTION('',(0.,0.,1.));
#4101=DIRECTION('',(0.,-1.,0.));
#4102=AXIS2_PLACEMENT_3D('',#4099,#4100,#4101);
#4103=PLANE('',#4102);
#4104=ORIENTED_EDGE('',*,*,#1132,.F.);
#4105=ORIENTED_EDGE('',*,*,#4044,.T.);
#4106=CARTESIAN_POINT('',(28.6,10.,-2.7));
#4107=DIRECTION('',(0.,0.,1.));
#4108=DIRECTION('',(1.,0.,-0.));
#4109=AXIS2_PLACEMENT_3D('',#4106,#4107,#4108);
#4110=CIRCLE('',#4109,0.5);
#4111=EDGE_CURVE('',#4033,#4056,#4110,.T.);
#4112=ORIENTED_EDGE('',*,*,#4111,.T.);
#4113=ORIENTED_EDGE('',*,*,#4077,.T.);
#4114=ORIENTED_EDGE('',*,*,#4093,.F.);
#4115=EDGE_LOOP('',(#4104,#4105,#4112,#4113,#4114));
#4116=FACE_BOUND('',#4115,.T.);
#4117=ADVANCED_FACE('',(#4116),#4103,.T.);
#4118=CARTESIAN_POINT('',(28.6,10.,-2.7));
#4119=DIRECTION('',(0.,0.,1.));
#4120=DIRECTION('',(1.,0.,-0.));
#4121=AXIS2_PLACEMENT_3D('',#4118,#4119,#4120);
#4122=CYLINDRICAL_SURFACE('',#4121,0.5);
#4123=ORIENTED_EDGE('',*,*,#4061,.T.);
#4124=ORIENTED_EDGE('',*,*,#4111,.F.);
#4125=ORIENTED_EDGE('',*,*,#4038,.T.);
#4126=ORIENTED_EDGE('',*,*,#197,.T.);
#4127=EDGE_LOOP('',(#4123,#4124,#4125,#4126));
#4128=FACE_BOUND('',#4127,.T.);
#4129=ADVANCED_FACE('',(#4128),#4122,.F.);
#4130=CLOSED_SHELL('',(#94,#271,#474,#532,#590,#648,#689,#1056,#1087,#1118,#1242,#1282,#1315,#1360,#1385,#1409,#1434,#1481,#1505,#1545,#1578,#1623,#1648,#1672,#1697,#1744,
#1768,#1819,#2018,#2049,#2074,#2112,#2129,#2146,#2163,#2203,#2221,#2238,#2269,#2286,#2317,#2393,#2427,#2457,#2483,#2502,#2536,#2566,#2601,#2611,#2645,
#2675,#2701,#2720,#2754,#2784,#2810,#2829,#2851,#2875,#2899,#2916,#2928,#2950,#2967,#2984,#3001,#3018,#3047,#3071,#3093,#3124,#3148,#3172,#3198,#3222,
#3247,#3266,#3281,#3312,#3336,#3360,#3384,#3408,#3463,#3475,#3487,#3505,#3523,#3541,#3559,#3581,#3598,#3615,#3627,#3644,#3656,#3670,#3687,#3699,#3713,
#3725,#3742,#3756,#3789,#3831,#3843,#3853,#3881,#3899,#3917,#3935,#3953,#3971,#3989,#4001,#4013,#4025,#4049,#4081,#4098,#4117,#4129));
#4131=MANIFOLD_SOLID_BREP('\X2\5B9E4F53\X0\  292 \X2\4E0D5BFC5149\X0\ \X2\52A09AD8\X0\ \X2\52A0539A\X0\',#4130);
#4132=DRAUGHTING_PRE_DEFINED_COLOUR('white');
#4133=FILL_AREA_STYLE_COLOUR('',#4132);
#4134=FILL_AREA_STYLE('',(#4133));
#4135=SURFACE_STYLE_FILL_AREA(#4134);
#4136=SURFACE_SIDE_STYLE('',(#4135));
#4137=SURFACE_STYLE_USAGE(.BOTH.,#4136);
#4138=PRESENTATION_STYLE_ASSIGNMENT((#4137));
#54=STYLED_ITEM('',(#4138),#4131);
#35=SHAPE_REPRESENTATION('\X2\591658F3\X0\',(#15),#33);
#36=ADVANCED_BREP_SHAPE_REPRESENTATION('\X2\591658F3\X0\',(#4131),#33);
#4146=SHAPE_REPRESENTATION_RELATIONSHIP('','',#35,#36);
#4147=CARTESIAN_POINT('',(0.,0.,0.));
#4148=DIRECTION('',(0.,0.,1.));
#4149=DIRECTION('',(1.,0.,0.));
#4150=AXIS2_PLACEMENT_3D('',#4147,#4148,#4149);
#4152=MAPPED_ITEM('',#4151,#4150);
#4151=REPRESENTATION_MAP(#4150,#35);
#4153=APPLICATION_CONTEXT('Managed model based 3d engineering');
#4154=APPLICATION_PROTOCOL_DEFINITION('international standard','ap242_managed_model_based_3d_engineering',2014,#4153);
#4155=PRODUCT_CONTEXT('',#4153,'mechanical');
#4156=PRODUCT_DEFINITION_CONTEXT('part definition',#4153,'design');
#43=PRODUCT('\X2\591658F3\X0\','\X2\591658F3\X0\','',(#4155));
#4157=PRODUCT_RELATED_PRODUCT_CATEGORY('part','',(#43));
#4158=PRODUCT_DEFINITION_FORMATION_WITH_SPECIFIED_SOURCE('','',#43,.NOT_KNOWN.);
#44=PRODUCT_DEFINITION('design','',#4158,#4156);
#42=PRODUCT_DEFINITION_SHAPE('','',#44);
#4159=SHAPE_DEFINITION_REPRESENTATION(#42,#35);
#34=DRAUGHTING_MODEL('',(#4152),#33);
#16=SHAPE_REPRESENTATION('root',(#15,#48),#10);
#4160=CARTESIAN_POINT('',(0.,0.,0.));
#4161=DIRECTION('',(0.,0.,1.));
#4162=DIRECTION('',(1.,0.,0.));
#4163=AXIS2_PLACEMENT_3D('',#4160,#4161,#4162);
#4165=MAPPED_ITEM('',#4164,#4163);
#4164=REPRESENTATION_MAP(#4163,#16);
#24=PRODUCT('root','root','',(#4155));
#4166=PRODUCT_RELATED_PRODUCT_CATEGORY('part','',(#24));
#4167=PRODUCT_DEFINITION_FORMATION_WITH_SPECIFIED_SOURCE('','',#24,.NOT_KNOWN.);
#25=PRODUCT_DEFINITION('design','',#4167,#4156);
#23=PRODUCT_DEFINITION_SHAPE('','',#25);
#4168=SHAPE_DEFINITION_REPRESENTATION(#23,#16);
#11=DRAUGHTING_MODEL('',(#4165),#10);
#4169=DESCRIPTIVE_REPRESENTATION_ITEM('KEY','/private/var/mobile/Containers/Data/Application/4BAA6A96-AB08-4434-80E5-6C712A65BC40/tmp/C28777D6-8FC5-4F0E-B212-738261EB2596.tmp');
#4170=PROPERTY_DEFINITION('KEY','',#25);
#4171=REPRESENTATION('',(#4169),#10);
#4172=PROPERTY_DEFINITION_REPRESENTATION(#4170,#4171);
#4173=GENERAL_PROPERTY('','KEY','');
#4174=GENERAL_PROPERTY_ASSOCIATION('','',#4173,#4170);
#1=MECHANICAL_DESIGN_GEOMETRIC_PRESENTATION_REPRESENTATION('',(#54),#10);
ENDSEC;
END-ISO-10303-21;
